date,peak,trough,n_intervals,delta
2023-09-27 00:00:00+08:00,2593.6292,1020.72876,288,1572.90044
2023-09-28 00:00:00+08:00,2571.8225,1360.986,285,1210.8365000000001
2023-09-29 00:00:00+08:00,2390.2388,1447.1964,287,943.0424
2023-09-30 00:00:00+08:00,2252.1763,871.4297,286,1380.7466
2023-10-01 00:00:00+08:00,2343.763,1117.99,288,1225.773
2023-10-02 00:00:00+08:00,2604.2578,1133.9734,275,1470.2843999999998
2023-10-03 00:00:00+08:00,2486.5718,1189.0193,288,1297.5525000000002
2023-10-04 00:00:00+08:00,2539.546,930.2395,286,1609.3064999999997
2023-10-05 00:00:00+08:00,2550.5881,1000.5111,288,1550.0769999999998
2023-10-06 00:00:00+08:00,2599.274,1046.6921,288,1552.5819
2023-10-07 00:00:00+08:00,2475.366,1044.54,288,1430.826
2023-10-08 00:00:00+08:00,2390.716,931.73096,288,1458.98504
2023-10-09 00:00:00+08:00,2579.274,1088.1022,274,1491.1717999999998
2023-10-10 00:00:00+08:00,2446.1548,906.1113,288,1540.0434999999998
2023-10-11 00:00:00+08:00,2511.9805,857.7565,288,1654.2240000000002
2023-10-12 00:00:00+08:00,2424.3293,819.4171,288,1604.9121999999998
2023-10-13 00:00:00+08:00,2458.763,976.7925,288,1481.9705
2023-10-14 00:00:00+08:00,2466.8665,842.3206,288,1624.5459
2023-10-15 00:00:00+08:00,2616.3716,773.33093,288,1843.0406699999999
2023-10-16 00:00:00+08:00,3236.793,1344.3807,288,1892.4123000000002
2023-10-17 00:00:00+08:00,2549.0625,1356.801,288,1192.2615
2023-10-18 00:00:00+08:00,2461.7175,1090.6356,288,1371.0819000000001
2023-10-19 00:00:00+08:00,2511.7866,1022.1661,288,1489.6205
2023-10-20 00:00:00+08:00,2420.7842,956.2725,288,1464.5117
2023-10-21 00:00:00+08:00,2372.601,1046.875,288,1325.726
2023-10-22 00:00:00+08:00,2329.3682,1178.31,288,1151.0582
2023-10-23 00:00:00+08:00,2430.9902,921.7213,288,1509.2689
2023-10-24 00:00:00+08:00,2442.614,838.31134,288,1604.30266
2023-10-25 00:00:00+08:00,2595.101,1007.9681,288,1587.1329
2023-10-26 00:00:00+08:00,2466.6206,1137.9292,288,1328.6914000000002
2023-10-27 00:00:00+08:00,2384.7952,939.1882,288,1445.607
2023-10-28 00:00:00+08:00,2296.322,695.6807,288,1600.6413000000002
2023-10-29 00:00:00+08:00,2324.2964,909.82904,288,1414.46736
2023-10-30 00:00:00+08:00,2486.075,878.80554,288,1607.26946
2023-10-31 00:00:00+08:00,2368.7712,996.8907,288,1371.8805000000002
2023-11-01 00:00:00+08:00,2475.995,1004.09247,288,1471.9025299999998
2023-11-02 00:00:00+08:00,2722.131,1154.1389,288,1567.9921
2023-11-03 00:00:00+08:00,2938.1045,1176.1302,288,1761.9742999999999
2023-11-04 00:00:00+08:00,3006.2107,1278.9596,288,1727.2511000000002
2023-11-05 00:00:00+08:00,2456.5598,937.00073,288,1519.55907
2023-11-06 00:00:00+08:00,2558.666,1183.0369,288,1375.6291
2023-11-07 00:00:00+08:00,2405.5315,963.76447,288,1441.76703
2023-11-08 00:00:00+08:00,2525.6409,1061.9232,288,1463.7177
2023-11-09 00:00:00+08:00,2374.9631,1066.9282,288,1308.0348999999999
2023-11-10 00:00:00+08:00,2293.366,872.5026,288,1420.8634
2023-11-11 00:00:00+08:00,2238.9126,783.521,288,1455.3916000000002
2023-11-12 00:00:00+08:00,2244.5288,807.4578,288,1437.071
2023-11-13 00:00:00+08:00,2412.9133,1517.052,288,895.8613000000003
2023-11-14 00:00:00+08:00,2557.625,1185.323,288,1372.302
2023-11-15 00:00:00+08:00,2651.2122,1012.4218,288,1638.7903999999999
2023-11-16 00:00:00+08:00,2608.113,944.4171,288,1663.6958999999997
2023-11-17 00:00:00+08:00,2569.918,1051.254,288,1518.6640000000002
2023-11-18 00:00:00+08:00,2511.273,966.527,288,1544.746
2023-11-19 00:00:00+08:00,2794.691,995.6675,288,1799.0234999999998
2023-11-20 00:00:00+08:00,3248.2375,1398.76,288,1849.4775000000002
2023-11-21 00:00:00+08:00,3735.8835,1395.473,288,2340.4105
2023-11-22 00:00:00+08:00,3806.5925,1955.3312,288,1851.2613000000001
2023-11-23 00:00:00+08:00,4042.699,2004.492,288,2038.207
2023-11-24 00:00:00+08:00,3026.654,2018.335,288,1008.319
2023-11-25 00:00:00+08:00,3341.508,1574.6503,288,1766.8576999999998
2023-11-26 00:00:00+08:00,2980.815,1335.63,288,1645.185
2023-11-27 00:00:00+08:00,2688.097,1662.504,288,1025.5930000000003
2023-11-28 00:00:00+08:00,2524.1877,1348.4855,288,1175.7022
2023-11-29 00:00:00+08:00,2594.146,1400.5828,288,1193.5632000000003
2023-11-30 00:00:00+08:00,2761.029,1362.055,288,1398.974
2023-12-01 00:00:00+08:00,3003.4033,1541.783,288,1461.6203
2023-12-02 00:00:00+08:00,2452.0784,1160.2694,288,1291.809
2023-12-03 00:00:00+08:00,2492.3542,1053.2965,288,1439.0577000000003
2023-12-04 00:00:00+08:00,2606.35,1415.839,288,1190.511
2023-12-05 00:00:00+08:00,2584.617,1404.8575,288,1179.7595000000001
2023-12-06 00:00:00+08:00,2819.968,1360.183,279,1459.7849999999999
2023-12-07 00:00:00+08:00,2424.355,1254.7736,288,1169.5814
2023-12-08 00:00:00+08:00,2402.619,1020.14,288,1382.4790000000003
2023-12-09 00:00:00+08:00,2349.7026,727.82965,288,1621.87295
2023-12-10 00:00:00+08:00,2560.2983,712.5604,288,1847.7379
2023-12-11 00:00:00+08:00,2885.5469,1208.8582,288,1676.6887
2023-12-12 00:00:00+08:00,3105.8062,1379.4274,288,1726.3788
2023-12-13 00:00:00+08:00,2861.9648,1541.1018,288,1320.8630000000003
2023-12-14 00:00:00+08:00,2727.269,1339.9418,288,1387.3271999999997
2023-12-15 00:00:00+08:00,2743.9163,1215.5936,288,1528.3227
2023-12-16 00:00:00+08:00,2948.8645,1103.9673,288,1844.8972
2023-12-17 00:00:00+08:00,2696.69,1152.443,288,1544.247
2023-12-18 00:00:00+08:00,3015.779,1159.4586,288,1856.3204
2023-12-19 00:00:00+08:00,3047.1677,1350.584,288,1696.5837
2023-12-20 00:00:00+08:00,3714.21,1631.2227,288,2082.9873
2023-12-21 00:00:00+08:00,3526.8105,1831.6942,288,1695.1163000000001
2023-12-22 00:00:00+08:00,3176.624,1785.26,288,1391.3639999999998
2023-12-23 00:00:00+08:00,3229.8687,1324.6594,288,1905.2093
2023-12-24 00:00:00+08:00,3070.239,1076.9741,288,1993.2649000000001
2023-12-25 00:00:00+08:00,2758.9565,1529.4932,288,1229.4633
2023-12-26 00:00:00+08:00,2473.8262,1060.783,288,1413.0432
2023-12-27 00:00:00+08:00,2534.8057,1045.5298,288,1489.2758999999999
2023-12-28 00:00:00+08:00,2675.7437,1015.03503,288,1660.70867
2023-12-29 00:00:00+08:00,2861.8914,1216.4025,288,1645.4889
2023-12-30 00:00:00+08:00,3194.1274,1123.0383,288,2071.0891
2023-12-31 00:00:00+08:00,2805.0789,1301.0826,288,1503.9963
2024-01-01 00:00:00+08:00,2500.963,970.868,288,1530.0950000000003
2024-01-02 00:00:00+08:00,2673.2393,1615.9409,288,1057.2984000000001
2024-01-03 00:00:00+08:00,2934.2158,1103.4259,288,1830.7899
2024-01-04 00:00:00+08:00,2947.4841,1085.3505,288,1862.1336000000001
2024-01-05 00:00:00+08:00,2850.9675,1216.2278,288,1634.7397000000003
2024-01-06 00:00:00+08:00,2687.792,1141.6261,288,1546.1659
2024-01-07 00:00:00+08:00,3228.93,1220.932,288,2007.9979999999998
2024-01-08 00:00:00+08:00,3281.0078,1888.9069,288,1392.1009
2024-01-09 00:00:00+08:00,2950.6152,1471.3789,288,1479.2363000000003
2024-01-10 00:00:00+08:00,2824.2634,1288.54,288,1535.7233999999999
2024-01-11 00:00:00+08:00,3253.0774,1608.1259,288,1644.9515000000001
2024-01-12 00:00:00+08:00,3647.2075,1672.506,288,1974.7015
2024-01-13 00:00:00+08:00,3845.5483,1849.8993,288,1995.649
2024-01-14 00:00:00+08:00,3760.866,2158.041,288,1602.8249999999998
2024-01-15 00:00:00+08:00,3524.9133,2331.5486,288,1193.3647
2024-01-16 00:00:00+08:00,3673.333,2203.3755,288,1469.9575
2024-01-17 00:00:00+08:00,3223.429,2184.149,288,1039.2800000000002
2024-01-18 00:00:00+08:00,2502.124,1489.388,288,1012.7359999999999
2024-01-19 00:00:00+08:00,2747.809,1447.9,288,1299.909
2024-01-20 00:00:00+08:00,3035.3215,1310.8444,288,1724.4771
2024-01-21 00:00:00+08:00,2638.0676,1374.3563,288,1263.7113
2024-01-22 00:00:00+08:00,2709.999,1346.3121,288,1363.6868999999997
2024-01-23 00:00:00+08:00,2589.237,1239.3319,288,1349.9051000000002
2024-01-24 00:00:00+08:00,2600.701,1258.795,288,1341.906
2024-01-25 00:00:00+08:00,2644.766,1197.7095,288,1447.0565000000001
2024-01-26 00:00:00+08:00,2448.449,870.60114,288,1577.84786
2024-01-27 00:00:00+08:00,2752.4556,1023.374,288,1729.0815999999998
2024-01-28 00:00:00+08:00,2561.5667,980.4917,288,1581.0749999999998
2024-01-29 00:00:00+08:00,2712.96,1318.1304,288,1394.8296
2024-01-30 00:00:00+08:00,3447.1528,1507.9199,288,1939.2328999999997
2024-01-31 00:00:00+08:00,4083.747,2015.1514,288,2068.5955999999996
2024-02-01 00:00:00+08:00,4183.162,2383.3516,288,1799.8104000000003
2024-02-02 00:00:00+08:00,3760.9353,2329.4243,288,1431.511
2024-02-03 00:00:00+08:00,2833.378,1912.6781,288,920.6999000000001
2024-02-04 00:00:00+08:00,2334.2363,824.77893,288,1509.45737
2024-02-05 00:00:00+08:00,2596.4155,1102.698,288,1493.7175
2024-02-06 00:00:00+08:00,2872.795,1262.3306,288,1610.4644
2024-02-07 00:00:00+08:00,3460.837,1631.678,288,1829.1589999999999
2024-02-08 00:00:00+08:00,3890.323,2011.2952,288,1879.0277999999998
2024-02-09 00:00:00+08:00,4037.499,2139.9722,288,1897.5267999999996
2024-02-10 00:00:00+08:00,3878.6104,2179.3884,288,1699.2220000000002
2024-02-11 00:00:00+08:00,3869.8777,1879.4293,288,1990.4484
2024-02-12 00:00:00+08:00,3789.3245,2053.635,288,1735.6895
2024-02-13 00:00:00+08:00,3334.96,1415.286,288,1919.674
2024-02-14 00:00:00+08:00,3765.6914,1655.1201,288,2110.5713
2024-02-15 00:00:00+08:00,4087.6099,2198.2632,288,1889.3467
2024-02-16 00:00:00+08:00,3052.6572,2022.3184,288,1030.3388
2024-02-17 00:00:00+08:00,3432.1091,1642.7799,288,1789.3292000000001
2024-02-18 00:00:00+08:00,4235.783,2005.094,288,2230.6890000000003
2024-02-19 00:00:00+08:00,4179.237,2775.5474,288,1403.6896000000002
2024-02-22 00:00:00+08:00,3071.1968,1242.616,288,1828.5808000000002
2024-02-23 00:00:00+08:00,3556.4258,1583.881,288,1972.5448
2024-02-24 00:00:00+08:00,2666.79,2006.115,288,660.675
2024-02-25 00:00:00+08:00,2478.8462,1636.6569,288,842.1893
2024-02-26 00:00:00+08:00,3139.482,1822.8618,288,1316.6202
2024-02-27 00:00:00+08:00,2661.4568,1158.3374,288,1503.1194
2024-02-28 00:00:00+08:00,2704.6494,1453.8668,288,1250.7825999999998
2024-02-29 00:00:00+08:00,3100.4524,1379.4568,288,1720.9956000000002
2024-03-01 00:00:00+08:00,3167.364,1514.3655,288,1652.9985
2024-03-02 00:00:00+08:00,2866.8286,1377.4806,288,1489.3479999999997
2024-03-03 00:00:00+08:00,3489.4807,1721.7678,288,1767.7129
2024-03-04 00:00:00+08:00,2613.5613,1327.2926,288,1286.2686999999999
2024-03-05 00:00:00+08:00,3111.4033,1301.4009,288,1810.0023999999999
2024-03-06 00:00:00+08:00,3486.56,1312.4473,288,2174.1126999999997
2024-03-07 00:00:00+08:00,3896.899,1933.7172,288,1963.1817999999998
2024-03-08 00:00:00+08:00,2763.5264,1893.3977,288,870.1287000000002
2024-03-09 00:00:00+08:00,2296.815,699.6505,288,1597.1645
2024-03-10 00:00:00+08:00,2362.925,726.3107,288,1636.6143000000002
2024-03-11 00:00:00+08:00,2716.1091,1146.574,288,1569.5351
2024-03-12 00:00:00+08:00,2721.444,1220.3763,288,1501.0677
2024-03-13 00:00:00+08:00,2971.5789,1469.5303,288,1502.0486
2024-03-14 00:00:00+08:00,3058.997,1651.277,288,1407.7199999999998
2024-03-15 00:00:00+08:00,3254.1484,1875.5452,288,1378.6032
2024-03-16 00:00:00+08:00,3142.4668,1640.0486,288,1502.4182
2024-03-17 00:00:00+08:00,2751.4883,1275.5068,288,1475.9814999999999
2024-03-18 00:00:00+08:00,2756.7085,1378.4215,288,1378.2870000000003
2024-03-19 00:00:00+08:00,2536.4827,898.5207,288,1637.962
2024-03-20 00:00:00+08:00,2630.0317,1008.2404,288,1621.7912999999999
2024-03-21 00:00:00+08:00,2698.8853,1231.0018,288,1467.8835
2024-03-22 00:00:00+08:00,2602.5842,1154.5352,288,1448.0489999999998
2024-03-23 00:00:00+08:00,2483.9956,829.417,288,1654.5786000000003
2024-03-24 00:00:00+08:00,2531.77,883.3447,288,1648.4252999999999
2024-03-25 00:00:00+08:00,2683.3572,1196.7906,288,1486.5665999999999
2024-03-26 00:00:00+08:00,2751.8472,1308.624,288,1443.2232000000001
2024-03-27 00:00:00+08:00,2862.535,1405.9192,288,1456.6157999999998
2024-03-28 00:00:00+08:00,2679.2068,1277.6588,288,1401.548
2024-03-29 00:00:00+08:00,2440.5347,871.0564,288,1569.4783000000002
2024-03-30 00:00:00+08:00,2490.4863,1138.7902,288,1351.6961000000001
2024-03-31 00:00:00+08:00,2494.5217,973.87524,288,1520.64646
2024-04-01 00:00:00+08:00,2511.0374,829.059,288,1681.9784000000002
2024-04-02 00:00:00+08:00,2667.788,1139.6827,288,1528.1053
2024-04-03 00:00:00+08:00,2668.8677,1151.7015,288,1517.1662
2024-04-04 00:00:00+08:00,2707.4456,1199.4894,288,1507.9562
2024-04-05 00:00:00+08:00,2855.2014,1386.4879,288,1468.7134999999998
2024-04-06 00:00:00+08:00,2765.7876,1347.7955,288,1417.9921000000002
2024-04-07 00:00:00+08:00,3143.32,1236.7466,288,1906.5734000000002
2024-04-08 00:00:00+08:00,2802.7522,1317.836,288,1484.9162
2024-04-09 00:00:00+08:00,2639.2222,1163.9503,288,1475.2719000000002
2024-04-10 00:00:00+08:00,2648.165,1150.2594,288,1497.9056
2024-04-11 00:00:00+08:00,2639.191,1194.4407,288,1444.7502999999997
2024-04-12 00:00:00+08:00,2464.3306,1370.538,288,1093.7925999999998
2024-04-13 00:00:00+08:00,2369.9436,990.2178,288,1379.7258000000002
2024-04-14 00:00:00+08:00,2334.7568,872.36694,288,1462.3898600000002
2024-04-15 00:00:00+08:00,2485.7917,1130.5287,288,1355.2630000000001
2024-04-16 00:00:00+08:00,2588.3079,1142.136,288,1446.1718999999998
2024-04-17 00:00:00+08:00,2786.2717,1242.4993,288,1543.7723999999998
2024-04-18 00:00:00+08:00,2863.1118,1318.392,288,1544.7198
2024-04-19 00:00:00+08:00,2600.9534,1240.2169,288,1360.7365
2024-04-20 00:00:00+08:00,2442.272,983.9088,288,1458.3631999999998
2024-04-21 00:00:00+08:00,2599.7876,1022.1495,288,1577.6381000000001
2024-04-22 00:00:00+08:00,2620.114,1631.3423,288,988.7717
2024-04-23 00:00:00+08:00,2567.8,1091.796,288,1476.0040000000001
2024-04-24 00:00:00+08:00,2538.7131,1051.1495,288,1487.5636
2024-04-25 00:00:00+08:00,2378.8262,1250.6674,288,1128.1588
2024-04-26 00:00:00+08:00,2498.2,1150.8169,288,1347.3830999999998
2024-04-27 00:00:00+08:00,2392.1353,979.6004,288,1412.5348999999999
2024-04-28 00:00:00+08:00,2465.0588,1031.2031,288,1433.8556999999998
2024-04-29 00:00:00+08:00,2681.0752,1272.5791,288,1408.4961000000003
2024-04-30 00:00:00+08:00,2678.222,1793.3284,288,884.8936000000001
2024-05-01 00:00:00+08:00,2691.1614,1581.731,288,1109.4304
2024-05-02 00:00:00+08:00,3005.755,1811.9165,288,1193.8385
2024-05-03 00:00:00+08:00,2491.111,1618.4138,288,872.6971999999998
2024-05-04 00:00:00+08:00,2339.1213,1116.0697,288,1223.0515999999998
2024-05-05 00:00:00+08:00,2463.1135,965.2236,288,1497.8899
2024-05-06 00:00:00+08:00,2544.8337,1332.4775,288,1212.3562000000002
2024-05-07 00:00:00+08:00,2580.7053,1203.4426,288,1377.2627
2024-05-08 00:00:00+08:00,2651.3132,1250.1194,288,1401.1938
2024-05-09 00:00:00+08:00,2695.612,1750.4962,288,945.1158
2024-05-10 00:00:00+08:00,2657.739,1528.3326,288,1129.4064
2024-05-11 00:00:00+08:00,2461.3926,1435.7245,288,1025.6681
2024-05-12 00:00:00+08:00,2459.9404,1538.3636,288,921.5768
2024-05-13 00:00:00+08:00,2607.017,1648.2784,288,958.7385999999999
2024-05-14 00:00:00+08:00,2609.354,1404.907,288,1204.447
2024-05-15 00:00:00+08:00,2595.104,1218.8124,288,1376.2915999999998
2024-05-16 00:00:00+08:00,2575.6553,1243.3065,288,1332.3488
2024-05-17 00:00:00+08:00,2548.9739,1280.163,288,1268.8109
2024-05-18 00:00:00+08:00,2404.641,1031.8745,288,1372.7665000000002
2024-05-19 00:00:00+08:00,2509.622,1001.61487,288,1508.00713
2024-05-20 00:00:00+08:00,2611.1052,1354.1995,288,1256.9057
2024-05-21 00:00:00+08:00,2630.8542,1548.843,288,1082.0112000000001
2024-05-22 00:00:00+08:00,2598.9724,1440.4957,288,1158.4767000000002
2024-05-23 00:00:00+08:00,2579.554,1330.789,288,1248.765
2024-05-24 00:00:00+08:00,2558.6997,1316.7386,288,1241.9611000000002
2024-05-25 00:00:00+08:00,2459.0918,1316.0111,288,1143.0807000000002
2024-05-26 00:00:00+08:00,2568.2417,1178.615,288,1389.6267
2024-05-27 00:00:00+08:00,2743.5557,1677.4224,288,1066.1333
2024-05-28 00:00:00+08:00,2863.8564,1767.6414,288,1096.2150000000001
2024-05-29 00:00:00+08:00,3114.274,1670.8606,288,1443.4134
2024-05-30 00:00:00+08:00,2939.151,1828.0675,288,1111.0834999999997
2024-05-31 00:00:00+08:00,2663.8245,1547.7802,288,1116.0443000000002
2024-06-01 00:00:00+08:00,2420.9114,1013.7078,288,1407.2035999999998
2024-06-02 00:00:00+08:00,2546.3037,1240.6292,288,1305.6744999999999
2024-06-03 00:00:00+08:00,2653.956,1186.8663,288,1467.0897000000002
2024-06-04 00:00:00+08:00,2737.4502,1496.574,288,1240.8762000000002
2024-06-05 00:00:00+08:00,2649.464,1317.0563,288,1332.4077
2024-06-06 00:00:00+08:00,2813.229,1460.9803,288,1352.2486999999999
2024-06-07 00:00:00+08:00,2709.8716,1742.5282,288,967.3434
2024-06-08 00:00:00+08:00,2606.7456,1497.2758,288,1109.4698000000003
2024-06-09 00:00:00+08:00,2675.8198,1584.2426,288,1091.5772000000002
2024-06-10 00:00:00+08:00,2849.4692,1696.146,288,1153.3232
2024-06-11 00:00:00+08:00,2826.217,1711.6624,288,1114.5546000000002
2024-06-12 00:00:00+08:00,2812.72,1511.234,288,1301.4859999999999
2024-06-13 00:00:00+08:00,2829.6865,1347.6923,288,1481.9941999999999
2024-06-14 00:00:00+08:00,2790.8076,1281.0994,288,1509.7082
2024-06-15 00:00:00+08:00,2561.9146,1100.3013,288,1461.6133
2024-06-16 00:00:00+08:00,2740.54,1366.0706,288,1374.4694
2024-06-17 00:00:00+08:00,2894.4597,1476.7085,288,1417.7512
2024-06-18 00:00:00+08:00,3050.3906,1754.9918,288,1295.3988000000002
2024-06-19 00:00:00+08:00,3143.5942,1428.519,288,1715.0752
2024-06-20 00:00:00+08:00,3106.1477,1405.2166,288,1700.9311
2024-06-21 00:00:00+08:00,3040.7585,1484.8402,288,1555.9182999999998
2024-06-22 00:00:00+08:00,2834.8367,1275.9148,288,1558.9218999999998
2024-06-23 00:00:00+08:00,3004.518,1495.9,288,1508.618
2024-06-24 00:00:00+08:00,3251.4001,1605.6613,288,1645.7387999999999
2024-06-25 00:00:00+08:00,3368.876,1484.606,288,1884.2700000000002
2024-06-26 00:00:00+08:00,3189.145,1930.3258,288,1258.8192
2024-06-27 00:00:00+08:00,3300.7622,1822.4677,288,1478.2945000000002
2024-06-28 00:00:00+08:00,2843.1614,1425.3896,288,1417.7718
2024-06-29 00:00:00+08:00,2877.036,1749.8208,288,1127.2152
2024-06-30 00:00:00+08:00,2936.2395,1045.3312,288,1890.9083
2024-07-01 00:00:00+08:00,2958.803,1365.5365,288,1593.2665
2024-07-02 00:00:00+08:00,3100.7996,1350.7478,288,1750.0517999999997
2024-07-03 00:00:00+08:00,3257.2932,1362.1056,288,1895.1876
2024-07-04 00:00:00+08:00,3171.268,1433.7303,288,1737.5377
2024-07-05 00:00:00+08:00,3169.647,1327.811,288,1841.836
2024-07-06 00:00:00+08:00,3240.306,1939.05,288,1301.256
2024-07-07 00:00:00+08:00,2906.109,1438.231,288,1467.878
2024-07-08 00:00:00+08:00,2939.253,1395.359,288,1543.8940000000002
2024-07-09 00:00:00+08:00,2714.863,1403.46,288,1311.4029999999998
2024-07-10 00:00:00+08:00,2869.2,1455.495,288,1413.705
2024-07-11 00:00:00+08:00,2989.46,1402.182,288,1587.278
2024-07-12 00:00:00+08:00,2956.892,1692.499,288,1264.3929999999998
2024-07-13 00:00:00+08:00,2706.257,997.6689,288,1708.5881
2024-07-14 00:00:00+08:00,3037.686,1658.932,288,1378.7540000000001
2024-07-15 00:00:00+08:00,2960.035,1263.39,288,1696.6449999999998
2024-07-16 00:00:00+08:00,2765.052,1073.767,288,1691.285
2024-07-17 00:00:00+08:00,2794.275,1261.696,288,1532.5790000000002
2024-07-18 00:00:00+08:00,3218.178,1714.699,288,1503.4789999999998
2024-07-19 00:00:00+08:00,2963.914,1490.159,288,1473.755
2024-07-20 00:00:00+08:00,2772.806,1528.923,288,1243.883
2024-07-21 00:00:00+08:00,2785.232,1267.641,288,1517.591
2024-07-22 00:00:00+08:00,2871.706,1430.87,288,1440.8360000000002
2024-07-23 00:00:00+08:00,3162.151,1584.217,288,1577.9339999999997
2024-07-24 00:00:00+08:00,3300.53,1820.469,288,1480.0610000000001
2024-07-25 00:00:00+08:00,3151.165,1609.743,288,1541.422
2024-07-26 00:00:00+08:00,2885.334,1275.175,288,1610.1589999999999
2024-07-27 00:00:00+08:00,2652.406,931.8354,288,1720.5706
2024-07-28 00:00:00+08:00,2899.012,1395.435,288,1503.5770000000002
2024-07-29 00:00:00+08:00,2960.103,1755.602,288,1204.501
2024-07-30 00:00:00+08:00,2917.446,1404.76,288,1512.686
2024-07-31 00:00:00+08:00,2817.6,1377.697,288,1439.903
2024-08-01 00:00:00+08:00,3208.871,1380.944,288,1827.9270000000001
2024-08-02 00:00:00+08:00,3091.811,1647.629,288,1444.1820000000002
2024-08-03 00:00:00+08:00,2940.135,962.0779,288,1978.0571000000002
2024-08-04 00:00:00+08:00,2961.171,844.1167,288,2117.0543
2024-08-05 00:00:00+08:00,2984.578,1305.01,288,1679.568
2024-08-06 00:00:00+08:00,2883.945,1479.409,288,1404.536
2024-08-07 00:00:00+08:00,2934.387,1576.587,288,1357.8000000000002
2024-08-08 00:00:00+08:00,2892.139,1524.648,288,1367.4910000000002
2024-08-09 00:00:00+08:00,2722.253,1323.468,288,1398.785
2024-08-10 00:00:00+08:00,2450.038,834.6956,288,1615.3424
2024-08-11 00:00:00+08:00,2588.361,864.3031,288,1724.0578999999998
2024-08-12 00:00:00+08:00,2825.731,1472.093,288,1353.6380000000001
2024-08-13 00:00:00+08:00,2840.01,1302.971,288,1537.0390000000002
2024-08-14 00:00:00+08:00,3002.036,1777.531,288,1224.505
2024-08-15 00:00:00+08:00,2868.822,1399.363,288,1469.459
2024-08-16 00:00:00+08:00,2733.789,1258.723,288,1475.0660000000003
2024-08-17 00:00:00+08:00,2953.699,1744.821,288,1208.8780000000002
2024-08-18 00:00:00+08:00,3003.982,1198.741,288,1805.241
2024-08-19 00:00:00+08:00,3010.4575,1772.909,288,1237.5484999999999
2024-08-20 00:00:00+08:00,2929.599,1542.764,288,1386.8350000000003
2024-08-21 00:00:00+08:00,2817.8123,1253.7201,288,1564.0922
2024-08-22 00:00:00+08:00,2914.622,1710.32,288,1204.302
2024-08-23 00:00:00+08:00,2681.2998,1502.3184,286,1178.9813999999997
2024-08-24 00:00:00+08:00,2904.8933,1194.5509,288,1710.3424000000002
2024-08-25 00:00:00+08:00,2676.0789,1038.9307,288,1637.1482
2024-08-26 00:00:00+08:00,2828.498,1600.7856,288,1227.7124000000001
2024-08-27 00:00:00+08:00,2718.7075,1146.2853,288,1572.4222
2024-08-28 00:00:00+08:00,2674.2834,979.2326,288,1695.0507999999998
2024-08-29 00:00:00+08:00,2858.4404,1333.2114,288,1525.229
2024-08-30 00:00:00+08:00,2815.1357,1204.25,288,1610.8856999999998
2024-08-31 00:00:00+08:00,2652.791,1216.1575,288,1436.6335000000001
2024-09-01 00:00:00+08:00,2627.189,1343.3656,288,1283.8233999999998
2024-09-02 00:00:00+08:00,2586.1455,917.12354,288,1669.02196
2024-09-03 00:00:00+08:00,2763.2695,1209.8114,288,1553.4580999999998
2024-09-04 00:00:00+08:00,2869.904,1156.5986,288,1713.3054
2024-09-05 00:00:00+08:00,3300.3828,1473.9006,288,1826.4822
2024-09-06 00:00:00+08:00,2914.6895,1349.8625,288,1564.827
2024-09-07 00:00:00+08:00,2664.7622,989.9277,288,1674.8345000000002
2024-09-08 00:00:00+08:00,2633.7114,832.6621,288,1801.0493000000001
2024-09-09 00:00:00+08:00,2773.2588,1090.6144,288,1682.6444000000001
2024-09-10 00:00:00+08:00,2711.4976,967.4662,282,1744.0314000000003
2024-09-11 00:00:00+08:00,2563.7622,878.89453,288,1684.86767
2024-09-12 00:00:00+08:00,2644.198,819.1213,288,1825.0766999999998
2024-09-13 00:00:00+08:00,2502.332,971.7336,288,1530.5983999999999
2024-09-14 00:00:00+08:00,2367.292,683.141,288,1684.1509999999998
2024-09-15 00:00:00+08:00,2466.768,639.7979,288,1826.9701
2024-09-16 00:00:00+08:00,2545.229,918.1072,288,1627.1218
2024-09-17 00:00:00+08:00,2520.456,893.3566,288,1627.0994
2024-09-18 00:00:00+08:00,2443.867,870.7934,288,1573.0736000000002
2024-09-19 00:00:00+08:00,2467.435,922.9026,288,1544.5324
2024-09-20 00:00:00+08:00,2551.544,749.2197,288,1802.3242999999998
2024-09-21 00:00:00+08:00,2414.434,670.6372,288,1743.7968
2024-09-22 00:00:00+08:00,2371.24,646.5588,288,1724.6811999999998
2024-09-23 00:00:00+08:00,2450.118,693.0264,288,1757.0916
2024-09-24 00:00:00+08:00,2619.754,1082.646,288,1537.108
2024-09-25 00:00:00+08:00,2611.547,815.3002,287,1796.2468
2024-09-26 00:00:00+08:00,2579.003,947.1437,288,1631.8593
2024-09-27 00:00:00+08:00,2704.243,1360.863,288,1343.3799999999999
2024-09-28 00:00:00+08:00,2530.136,867.306,288,1662.83
2024-09-29 00:00:00+08:00,2568.247,874.5054,288,1693.7415999999998
2024-09-30 00:00:00+08:00,2594.035,874.0994,288,1719.9355999999998
2024-10-01 00:00:00+08:00,2525.299,923.427,288,1601.8719999999998
2024-10-02 00:00:00+08:00,2940.0146,1295.287,288,1644.7276
2024-10-03 00:00:00+08:00,2886.0298,1805.602,288,1080.4277999999997
2024-10-04 00:00:00+08:00,2579.122,1257.479,288,1321.6429999999998
2024-10-05 00:00:00+08:00,2337.9429,831.22864,288,1506.71426
2024-10-06 00:00:00+08:00,2383.0955,751.3102,288,1631.7853
2024-10-07 00:00:00+08:00,2427.044,934.50745,288,1492.5365499999998
2024-10-08 00:00:00+08:00,2612.747,922.80273,288,1689.94427
2024-10-09 00:00:00+08:00,2510.851,872.5828,288,1638.2682
2024-10-10 00:00:00+08:00,2543.841,858.0681,288,1685.7729
2024-10-11 00:00:00+08:00,2585.43,1156.954,288,1428.4759999999999
2024-10-12 00:00:00+08:00,2376.846,931.3942,288,1445.4518
2024-10-13 00:00:00+08:00,2427.473,716.4232,288,1711.0498
2024-10-14 00:00:00+08:00,2546.3428,1230.266,288,1316.0767999999998
2024-10-15 00:00:00+08:00,2495.5583,1129.1,288,1366.4583000000002
2024-10-16 00:00:00+08:00,2536.3164,1199.656,288,1336.6604000000002
2024-10-17 00:00:00+08:00,2488.9055,1119.325,288,1369.5804999999998
2024-10-18 00:00:00+08:00,2439.679,1117.4485,288,1322.2305000000001
2024-10-19 00:00:00+08:00,2360.6077,876.6648,288,1483.9429
2024-10-20 00:00:00+08:00,2542.972,1192.0408,288,1350.9312000000002
2024-10-21 00:00:00+08:00,2415.0898,802.1613,288,1612.9285000000002
2024-10-22 00:00:00+08:00,2461.595,961.6057,288,1499.9892999999997
2024-10-23 00:00:00+08:00,2510.3596,850.13745,288,1660.2221499999998
2024-10-24 00:00:00+08:00,2520.6145,945.20306,288,1575.41144
2024-10-25 00:00:00+08:00,2446.8523,924.9436,288,1521.9087
2024-10-26 00:00:00+08:00,2317.9749,681.3985,288,1636.5764000000001
2024-10-27 00:00:00+08:00,2388.4685,657.7929,288,1730.6756
2024-10-28 00:00:00+08:00,2612.678,1062.644,288,1550.0339999999999
2024-10-29 00:00:00+08:00,2731.2454,1225.244,288,1506.0013999999999
2024-10-30 00:00:00+08:00,2672.9644,1135.262,288,1537.7024
2024-10-31 00:00:00+08:00,2774.263,1128.5337,288,1645.7293
2024-11-01 00:00:00+08:00,2498.2852,1248.9933,288,1249.2918999999997
2024-11-02 00:00:00+08:00,2268.038,960.7604,288,1307.2776
2024-11-03 00:00:00+08:00,2285.189,604.81934,288,1680.3696599999998
2024-11-04 00:00:00+08:00,2435.1885,869.25415,288,1565.9343500000002
2024-11-05 00:00:00+08:00,2322.0212,961.7213,288,1360.2999
2024-11-06 00:00:00+08:00,2426.1206,778.33044,288,1647.7901600000002
2024-11-07 00:00:00+08:00,2481.7502,698.70667,288,1783.04353
2024-11-08 00:00:00+08:00,2394.645,1162.0293,288,1232.6157
2024-11-09 00:00:00+08:00,2253.685,906.33374,288,1347.35126
2024-11-10 00:00:00+08:00,2214.71,506.69757,288,1708.01243
2024-11-11 00:00:00+08:00,2338.1836,799.05914,288,1539.12446
2024-11-12 00:00:00+08:00,2389.709,766.07196,288,1623.6370399999998
2024-11-13 00:00:00+08:00,2562.639,932.973,288,1629.6660000000002
2024-11-14 00:00:00+08:00,2663.6482,1160.428,288,1503.2202
2024-11-15 00:00:00+08:00,2398.831,1216.435,288,1182.3960000000002
2024-11-16 00:00:00+08:00,2260.8315,729.89087,288,1530.9406299999998
2024-11-17 00:00:00+08:00,2361.4397,618.00916,288,1743.4305399999998
2024-11-18 00:00:00+08:00,3025.6677,1071.5377,288,1954.1299999999999
2024-11-19 00:00:00+08:00,2711.2788,1512.108,288,1199.1708
2024-11-20 00:00:00+08:00,2572.765,1233.6149,288,1339.1500999999998
2024-11-21 00:00:00+08:00,2474.695,1295.6069,288,1179.0881000000002
2024-11-22 00:00:00+08:00,2315.9224,910.5629,288,1405.3595
2024-11-23 00:00:00+08:00,2411.2095,742.86633,288,1668.34317
2024-11-24 00:00:00+08:00,2742.1665,949.3896,288,1792.7768999999998
2024-11-25 00:00:00+08:00,2478.754,1119.9956,288,1358.7584
2024-11-26 00:00:00+08:00,2461.44,833.2087,288,1628.2313
2024-11-27 00:00:00+08:00,2544.866,975.5194,288,1569.3465999999999
2024-11-28 00:00:00+08:00,2889.3516,1000.74,288,1888.6116
2024-11-29 00:00:00+08:00,2811.628,1715.5771,288,1096.0509000000002
2024-11-30 00:00:00+08:00,2677.428,1378.5824,288,1298.8455999999999
2024-12-01 00:00:00+08:00,2450.178,1067.911,288,1382.2669999999998
2024-12-02 00:00:00+08:00,2401.5005,1322.4961,288,1079.0044
2024-12-03 00:00:00+08:00,2460.0737,1297.2996,288,1162.7740999999999
2024-12-04 00:00:00+08:00,2470.5603,1286.5936,288,1183.9667000000002
2024-12-05 00:00:00+08:00,2490.1743,1195.9824,288,1294.1919
2024-12-06 00:00:00+08:00,2543.2717,1066.116,288,1477.1556999999998
2024-12-07 00:00:00+08:00,2811.3716,1032.7999,288,1778.5717
2024-12-08 00:00:00+08:00,2908.4658,1050.2279,288,1858.2378999999999
2024-12-09 00:00:00+08:00,3556.2563,1569.113,288,1987.1433
2024-12-10 00:00:00+08:00,3784.85,1521.35,288,2263.5
2024-12-11 00:00:00+08:00,4163.8203,2167.178,288,1996.6423000000004
2024-12-14 00:00:00+08:00,2627.658,1330.924,288,1296.734
2024-12-15 00:00:00+08:00,2361.6057,1105.4196,288,1256.1861000000001
2024-12-16 00:00:00+08:00,2492.865,1092.6838,288,1400.1811999999998
2024-12-17 00:00:00+08:00,3323.2659,1294.0673,288,2029.1986
2024-12-18 00:00:00+08:00,2883.7285,1720.881,288,1162.8475
2024-12-19 00:00:00+08:00,2835.5916,1305.6315,288,1529.9601000000002
2024-12-20 00:00:00+08:00,3138.253,1363.2913,288,1774.9617
2024-12-21 00:00:00+08:00,3707.7546,1564.8958,288,2142.8588
2024-12-22 00:00:00+08:00,4050.0767,1667.4446,288,2382.6321
2024-12-23 00:00:00+08:00,3906.5596,2395.1765,288,1511.3831
2024-12-24 00:00:00+08:00,2660.9834,1634.7332,288,1026.2502000000002
2024-12-25 00:00:00+08:00,2078.9312,818.1138,288,1260.8174
2024-12-26 00:00:00+08:00,2242.8516,765.6696,288,1477.182
2024-12-27 00:00:00+08:00,2340.578,828.03,288,1512.548
2024-12-28 00:00:00+08:00,2489.891,873.24524,288,1616.64576
2024-12-29 00:00:00+08:00,2838.7812,1427.2928,288,1411.4884
2024-12-30 00:00:00+08:00,2953.4067,1271.5823,288,1681.8244
2024-12-31 00:00:00+08:00,3322.0225,1585.5073,288,1736.5152
2025-01-01 00:00:00+08:00,3407.5647,1597.114,288,1810.4506999999999
2025-01-02 00:00:00+08:00,3221.2012,2035.8596,288,1185.3416
2025-01-03 00:00:00+08:00,2705.8997,1311.5148,288,1394.3849
2025-01-04 00:00:00+08:00,2494.0144,1129.8757,288,1364.1387
2025-01-05 00:00:00+08:00,2698.436,1021.18945,288,1677.2465500000003
2025-01-06 00:00:00+08:00,3637.4475,1715.4767,288,1921.9708000000003
2025-01-07 00:00:00+08:00,2992.68,2068.924,288,923.7559999999999
2025-01-08 00:00:00+08:00,2658.9058,1293.0273,288,1365.8785
2025-01-09 00:00:00+08:00,2804.766,1238.2346,288,1566.5314
2025-01-10 00:00:00+08:00,2510.3027,1276.0803,288,1234.2224
2025-01-11 00:00:00+08:00,2625.3464,1017.2619,288,1608.0845
2025-01-12 00:00:00+08:00,2576.6255,956.34045,288,1620.28505
2025-01-13 00:00:00+08:00,2781.971,1487.6455,288,1294.3255
2025-01-14 00:00:00+08:00,2516.3418,1166.641,288,1349.7008
2025-01-15 00:00:00+08:00,2525.7444,1033.2881,288,1492.4563
2025-01-16 00:00:00+08:00,3979.1052,1644.4204,288,2334.6848
2025-01-17 00:00:00+08:00,2838.6333,1889.2839,288,949.3494000000001
2025-01-18 00:00:00+08:00,2490.0134,849.40295,288,1640.6104499999997
2025-01-19 00:00:00+08:00,3715.3574,1385.6676,288,2329.6898
2025-01-20 00:00:00+08:00,4482.3037,2324.8335,288,2157.4702
2025-01-21 00:00:00+08:00,3976.3618,2874.4817,288,1101.8801000000003
2025-01-22 00:00:00+08:00,4054.5393,2603.8757,288,1450.6635999999999
2025-01-23 00:00:00+08:00,4023.2231,2569.555,288,1453.6681000000003
2025-01-24 00:00:00+08:00,3549.538,2458.2856,288,1091.2523999999999
2025-01-25 00:00:00+08:00,3167.2456,1935.911,288,1231.3346000000001
2025-01-26 00:00:00+08:00,2628.6248,1337.6216,288,1291.0032
2025-01-27 00:00:00+08:00,2800.79,1170.8706,288,1629.9194
2025-01-28 00:00:00+08:00,3823.1487,1436.304,288,2386.8447
2025-01-29 00:00:00+08:00,4085.957,2075.871,288,2010.0859999999998
2025-01-30 00:00:00+08:00,4530.635,2423.46,288,2107.175
2025-01-31 00:00:00+08:00,3560.249,2328.1934,288,1232.0555999999997
2025-02-01 00:00:00+08:00,3243.5674,1406.0166,288,1837.5508
2025-02-02 00:00:00+08:00,3069.443,1378.705,288,1690.7380000000003
2025-02-03 00:00:00+08:00,3144.3125,1600.3479,288,1543.9646
2025-02-04 00:00:00+08:00,3515.9294,1332.4575,288,2183.4719
2025-02-05 00:00:00+08:00,3990.38,2021.9199,288,1968.4601
2025-02-06 00:00:00+08:00,4074.2346,2204.8523,288,1869.3822999999998
2025-02-07 00:00:00+08:00,3884.3901,1919.6895,288,1964.7006000000001
2025-02-08 00:00:00+08:00,3682.3384,1793.8224,288,1888.516
2025-02-09 00:00:00+08:00,2711.7532,1751.6284,288,960.1248
2025-02-10 00:00:00+08:00,2960.4312,1912.261,288,1048.1702
2025-02-11 00:00:00+08:00,2461.415,1465.8093,288,995.6057000000001
2025-02-12 00:00:00+08:00,2515.207,1116.4432,288,1398.7638
2025-02-13 00:00:00+08:00,2609.1616,1003.9292,288,1605.2323999999999
2025-02-14 00:00:00+08:00,2857.6833,1088.0015,288,1769.6818
2025-02-15 00:00:00+08:00,3138.8699,1117.5681,288,2021.3018000000002
2025-02-16 00:00:00+08:00,3199.1272,1320.7545,288,1878.3727
2025-02-17 00:00:00+08:00,3552.6555,1803.816,288,1748.8394999999998
2025-02-18 00:00:00+08:00,2714.1858,1915.2543,288,798.9315000000001
2025-02-19 00:00:00+08:00,3496.3447,1682.5977,288,1813.747
2025-02-20 00:00:00+08:00,2996.6833,1773.2827,288,1223.4006000000002
2025-02-21 00:00:00+08:00,2540.9644,1605.4102,288,935.5541999999998
2025-02-22 00:00:00+08:00,2276.388,794.4357,288,1481.9523
2025-02-23 00:00:00+08:00,2695.079,936.819,288,1758.2600000000002
2025-02-24 00:00:00+08:00,2742.9797,1390.632,288,1352.3476999999998
2025-02-25 00:00:00+08:00,2754.6514,1325.7958,288,1428.8556
2025-02-26 00:00:00+08:00,2929.8152,1717.6367,288,1212.1785
2025-02-27 00:00:00+08:00,2676.625,1844.022,288,832.6030000000001
2025-02-28 00:00:00+08:00,2673.7578,1359.8479,288,1313.9098999999999
2025-03-01 00:00:00+08:00,2627.8977,963.9798,288,1663.9179
2025-03-02 00:00:00+08:00,3047.091,1056.3574,288,1990.7335999999998
2025-03-03 00:00:00+08:00,2591.2598,1168.2965,288,1422.9633
2025-03-04 00:00:00+08:00,2621.3462,1294.3306,288,1327.0156
2025-03-05 00:00:00+08:00,3185.1855,1027.882,286,2157.3035
2025-03-06 00:00:00+08:00,4035.7412,2014.4504,288,2021.2908
2025-03-07 00:00:00+08:00,3005.737,1747.263,288,1258.4740000000002
2025-03-08 00:00:00+08:00,2481.5308,1216.6227,288,1264.9081
2025-03-09 00:00:00+08:00,2392.3354,827.3078,288,1565.0276
2025-03-10 00:00:00+08:00,2715.476,1093.3921,288,1622.0839
2025-03-11 00:00:00+08:00,2959.0903,1355.079,288,1604.0113
2025-03-12 00:00:00+08:00,2562.9946,1820.8833,288,742.1113
2025-03-13 00:00:00+08:00,2563.676,1485.3462,288,1078.3298
2025-03-14 00:00:00+08:00,2433.149,1201.5142,288,1231.6347999999998
2025-03-15 00:00:00+08:00,2315.8486,1275.9028,288,1039.9457999999997
2025-03-16 00:00:00+08:00,2413.7808,757.1449,288,1656.6359
2025-03-17 00:00:00+08:00,2653.267,948.2693,288,1704.9977
2025-03-18 00:00:00+08:00,2685.0654,1114.752,288,1570.3134
2025-03-19 00:00:00+08:00,2493.5095,1136.2388,288,1357.2707
2025-03-20 00:00:00+08:00,2440.7485,911.3359,288,1529.4126
2025-03-21 00:00:00+08:00,2616.0356,1113.3073,288,1502.7283000000002
2025-03-22 00:00:00+08:00,2649.0327,1025.5352,288,1623.4975000000002
2025-03-23 00:00:00+08:00,3110.3008,1206.6062,288,1903.6946
2025-03-24 00:00:00+08:00,3809.0408,1983.4171,288,1825.6237000000003
2025-03-25 00:00:00+08:00,3611.2766,1863.5388,288,1747.7378
2025-03-26 00:00:00+08:00,3831.9841,2069.734,288,1762.2501000000002
2025-03-27 00:00:00+08:00,3873.9714,2093.9736,288,1779.9978
2025-03-28 00:00:00+08:00,3565.5251,1906.6779,288,1658.8472
2025-03-29 00:00:00+08:00,3597.8296,1793.5872,288,1804.2424
2025-03-30 00:00:00+08:00,2899.9607,1594.7836,288,1305.1771
2025-03-31 00:00:00+08:00,3540.6833,1602.219,288,1938.4643
2025-04-01 00:00:00+08:00,3302.2268,1756.0862,288,1546.1406
2025-04-02 00:00:00+08:00,2991.3242,1622.179,288,1369.1452
2025-04-03 00:00:00+08:00,2816.251,1695.4965,288,1120.7545000000002
2025-04-04 00:00:00+08:00,2469.6296,1856.0131,288,613.6165000000003
2025-04-05 00:00:00+08:00,2401.5178,1173.8004,288,1227.7174
2025-04-06 00:00:00+08:00,2589.3093,979.32556,288,1609.98374
2025-04-07 00:00:00+08:00,2825.0232,1412.708,288,1412.3152
2025-04-08 00:00:00+08:00,2732.3635,1480.626,288,1251.7375
2025-04-09 00:00:00+08:00,2820.91,1319.288,288,1501.6219999999998
2025-04-10 00:00:00+08:00,2621.9668,1237.356,288,1384.6108000000002
2025-04-11 00:00:00+08:00,2974.9,1495.296,288,1479.604
2025-04-12 00:00:00+08:00,2614.6147,1222.6313,288,1391.9834
2025-04-13 00:00:00+08:00,2656.972,1201.9637,288,1455.0083000000002
2025-04-14 00:00:00+08:00,2680.7773,1410.557,288,1270.2203000000002
2025-04-15 00:00:00+08:00,2619.9832,1146.0396,288,1473.9436
2025-04-16 00:00:00+08:00,2643.349,1191.69,288,1451.659
2025-04-17 00:00:00+08:00,2594.847,1367.4391,288,1227.4079000000002
2025-04-18 00:00:00+08:00,2360.3105,1136.7101,288,1223.6004
2025-04-19 00:00:00+08:00,2401.3315,981.95215,288,1419.3793499999997
2025-04-20 00:00:00+08:00,2335.688,867.95734,288,1467.7306600000002
2025-04-21 00:00:00+08:00,2536.382,1078.146,288,1458.236
2025-04-22 00:00:00+08:00,2810.7664,1446.8766,288,1363.8898
2025-04-23 00:00:00+08:00,2734.319,1810.8608,288,923.4582
2025-04-24 00:00:00+08:00,2591.5232,1397.6404,288,1193.8828
2025-04-25 00:00:00+08:00,2452.6755,934.7804,288,1517.8950999999997
2025-04-26 00:00:00+08:00,2476.5435,1105.6533,288,1370.8902000000003
2025-04-27 00:00:00+08:00,2473.161,1204.7041,288,1268.4569000000001
2025-04-28 00:00:00+08:00,2611.153,1128.0498,288,1483.1031999999998
2025-04-29 00:00:00+08:00,2656.696,1146.235,288,1510.461
2025-04-30 00:00:00+08:00,2670.362,1062.966,288,1607.3960000000002
2025-05-01 00:00:00+08:00,2702.72,1374.237,288,1328.4829999999997
2025-05-02 00:00:00+08:00,2625.389,1458.898,288,1166.4910000000002
2025-05-03 00:00:00+08:00,2450.64,1619.803,288,830.8369999999998
2025-05-04 00:00:00+08:00,2513.193,1515.306,288,997.8870000000002
2025-05-05 00:00:00+08:00,2651.4314,1703.5251,288,947.9062999999999
2025-05-06 00:00:00+08:00,2654.6887,1309.1005,288,1345.5882000000001
2025-05-07 00:00:00+08:00,2621.8442,1095.8765,288,1525.9677
2025-05-08 00:00:00+08:00,2663.9607,1164.2598,288,1499.7009
2025-05-09 00:00:00+08:00,2633.044,1363.7178,288,1269.3262
2025-05-10 00:00:00+08:00,2491.706,1191.346,288,1300.3600000000001
2025-05-11 00:00:00+08:00,2475.143,1018.5571,288,1456.5859
2025-05-12 00:00:00+08:00,2707.906,1328.082,288,1379.8239999999998
2025-05-13 00:00:00+08:00,2739.0688,1322.2659,288,1416.8029
2025-05-14 00:00:00+08:00,2586.2231,1112.983,288,1473.2401000000002
2025-05-15 00:00:00+08:00,2762.062,1309.3871,288,1452.6749
2025-05-16 00:00:00+08:00,2553.1787,1336.717,288,1216.4616999999998
2025-05-17 00:00:00+08:00,2489.0918,1102.7368,288,1386.3550000000002
2025-05-18 00:00:00+08:00,2553.0696,1029.016,288,1524.0535999999997
2025-05-19 00:00:00+08:00,2723.2546,1458.2974,288,1264.9572000000003
2025-05-20 00:00:00+08:00,2728.4365,1141.065,288,1587.3714999999997
2025-05-21 00:00:00+08:00,2734.0579,1188.8358,288,1545.2220999999997
2025-05-22 00:00:00+08:00,2808.187,1734.1556,288,1074.0313999999998
2025-05-23 00:00:00+08:00,2914.795,1812.4375,288,1102.3575
2025-05-24 00:00:00+08:00,2923.656,1307.085,288,1616.571
2025-05-25 00:00:00+08:00,2891.074,1691.7538,288,1199.3202
2025-05-26 00:00:00+08:00,3185.0708,1435.6768,288,1749.394
2025-05-27 00:00:00+08:00,3056.609,1337.598,288,1719.011
2025-05-28 00:00:00+08:00,2835.396,1275.617,288,1559.7790000000002
2025-05-29 00:00:00+08:00,2909.9072,1825.6914,288,1084.2158000000002
2025-05-30 00:00:00+08:00,2708.6423,1771.5673,288,937.075
2025-05-31 00:00:00+08:00,2570.3232,1473.8057,288,1096.5175
2025-06-01 00:00:00+08:00,2570.935,1274.2134,288,1296.7215999999999
2025-06-02 00:00:00+08:00,2752.1697,1445.0963,288,1307.0734
2025-06-03 00:00:00+08:00,2793.5054,1520.2461,288,1273.2593
2025-06-04 00:00:00+08:00,2865.5994,1779.6793,288,1085.9201
2025-06-05 00:00:00+08:00,2874.599,1790.5419,287,1084.0571000000002
2025-06-06 00:00:00+08:00,2854.9998,1317.1882,288,1537.8116
2025-06-07 00:00:00+08:00,2788.5146,1211.8507,288,1576.6639
2025-06-08 00:00:00+08:00,2818.1438,1020.2813,288,1797.8624999999997
2025-06-09 00:00:00+08:00,2968.605,1399.6649,288,1568.9401
2025-06-10 00:00:00+08:00,3206.3823,1695.2739,288,1511.1084000000003
2025-06-11 00:00:00+08:00,3025.5645,1469.395,288,1556.1695
2025-06-12 00:00:00+08:00,3120.2236,1842.9437,288,1277.2798999999998
2025-06-13 00:00:00+08:00,3017.512,1826.085,288,1191.4270000000001
2025-06-14 00:00:00+08:00,2982.1614,1631.2843,288,1350.8771
2025-06-15 00:00:00+08:00,2820.381,1413.9702,288,1406.4107999999999
2025-06-16 00:00:00+08:00,2994.764,1666.843,288,1327.921
2025-06-17 00:00:00+08:00,3011.5652,1876.4012,288,1135.164
2025-06-18 00:00:00+08:00,2951.7915,1900.4304,288,1051.3610999999999
2025-06-21 00:00:00+08:00,3240.2412,1846.6409,288,1393.6002999999998
2025-06-22 00:00:00+08:00,3073.8289,1810.4197,288,1263.4092
2025-06-23 00:00:00+08:00,3296.5388,1824.6263,288,1471.9125
2025-06-24 00:00:00+08:00,3266.3157,1630.4117,288,1635.904
2025-06-25 00:00:00+08:00,3321.174,1406.8849,288,1914.2891
2025-06-26 00:00:00+08:00,3261.0012,1564.6792,288,1696.3220000000001
2025-06-27 00:00:00+08:00,3218.8452,1576.7766,288,1642.0686000000003
2025-06-28 00:00:00+08:00,2927.2236,1109.2645,288,1817.9590999999998
2025-06-29 00:00:00+08:00,3013.9185,1867.2733,288,1146.6452000000002
2025-06-30 00:00:00+08:00,3108.208,1823.8241,288,1284.3839
2025-07-01 00:00:00+08:00,3068.0354,1843.7428,288,1224.2926000000002
2025-07-02 00:00:00+08:00,3040.5364,1840.1128,288,1200.4235999999999
2025-07-03 00:00:00+08:00,2968.0918,1619.2423,288,1348.8495000000003
2025-07-04 00:00:00+08:00,3169.6917,1470.7102,288,1698.9814999999999
2025-07-05 00:00:00+08:00,2922.3865,1629.9725,288,1292.414
2025-07-06 00:00:00+08:00,2857.073,1713.9231,288,1143.1499
2025-07-07 00:00:00+08:00,3336.9524,1729.0219,288,1607.9305000000002
2025-07-08 00:00:00+08:00,3456.924,1859.903,288,1597.021
2025-07-09 00:00:00+08:00,3387.803,1507.992,288,1879.811
2025-07-10 00:00:00+08:00,3305.1406,1431.455,288,1873.6856000000002
2025-07-11 00:00:00+08:00,3139.2673,1364.5298,288,1774.7375
2025-07-12 00:00:00+08:00,2853.7415,1784.1351,288,1069.6064000000001
2025-07-13 00:00:00+08:00,3062.1418,1546.6421,288,1515.4996999999998
2025-07-14 00:00:00+08:00,3229.2285,1486.8239,288,1742.4046
2025-07-15 00:00:00+08:00,3154.6643,1905.4979,288,1249.1663999999998
2025-07-16 00:00:00+08:00,3080.9973,1489.3118,288,1591.6855
2025-07-17 00:00:00+08:00,3158.5527,1516.132,288,1642.4207000000001
2025-07-18 00:00:00+08:00,3105.65,1788.126,288,1317.5240000000001
2025-07-19 00:00:00+08:00,3087.5002,1339.0703,288,1748.4298999999999
2025-07-20 00:00:00+08:00,3153.4358,1795.125,288,1358.3108000000002
2025-07-21 00:00:00+08:00,3674.2107,1854.7577,288,1819.453
2025-07-22 00:00:00+08:00,3501.844,2005.806,288,1496.038
2025-07-23 00:00:00+08:00,3452.536,2011.9747,288,1440.5613
2025-07-24 00:00:00+08:00,3673.435,1756.9613,288,1916.4737
2025-07-25 00:00:00+08:00,3613.3694,1864.8029,288,1748.5665000000001
2025-07-26 00:00:00+08:00,3372.5479,1478.1462,288,1894.4017000000001
2025-07-27 00:00:00+08:00,3786.9417,2105.4548,288,1681.4868999999999
2025-07-28 00:00:00+08:00,4016.9617,1795.0973,288,2221.8644
2025-07-29 00:00:00+08:00,3610.4456,1907.562,288,1702.8836000000001
2025-07-30 00:00:00+08:00,3368.0552,1527.9164,288,1840.1387999999997
2025-07-31 00:00:00+08:00,3353.345,1420.4547,288,1932.8902999999998
2025-08-01 00:00:00+08:00,3133.3213,1404.0071,288,1729.3142
2025-08-02 00:00:00+08:00,3146.5208,1891.9048,288,1254.6159999999998
2025-08-03 00:00:00+08:00,3434.614,1917.6644,288,1516.9496000000001
2025-08-04 00:00:00+08:00,3391.5078,1879.5354,288,1511.9723999999999
2025-08-05 00:00:00+08:00,3267.5085,1811.66,288,1455.8484999999998
2025-08-06 00:00:00+08:00,3219.0994,1609.8239,288,1609.2755
2025-08-07 00:00:00+08:00,3112.1143,1375.865,288,1736.2493000000002
2025-08-08 00:00:00+08:00,2996.6057,1905.03,288,1091.5757
2025-08-09 00:00:00+08:00,2878.2087,1784.7086,288,1093.5001000000002
2025-08-10 00:00:00+08:00,3040.043,1216.6582,288,1823.3848
2025-08-11 00:00:00+08:00,3087.9377,1907.3373,288,1180.6004
2025-08-12 00:00:00+08:00,3074.1658,1269.6533,288,1804.5125000000003
2025-08-13 00:00:00+08:00,2684.5435,1255.841,288,1428.7025000000003
2025-08-14 00:00:00+08:00,3058.9795,1240.468,288,1818.5114999999998
2025-08-15 00:00:00+08:00,3075.9246,1431.6248,288,1644.2997999999998
2025-08-16 00:00:00+08:00,2884.6438,1146.696,288,1737.9478
2025-08-17 00:00:00+08:00,2921.783,1275.1571,288,1646.6259
2025-08-18 00:00:00+08:00,2825.7368,1448.641,288,1377.0958
2025-08-19 00:00:00+08:00,3040.4824,1789.0273,288,1251.4551
2025-08-20 00:00:00+08:00,3202.477,1606.292,288,1596.185
2025-08-21 00:00:00+08:00,3139.7275,1726.792,288,1412.9355
2025-08-22 00:00:00+08:00,2936.892,1619.1887,288,1317.7033
2025-08-23 00:00:00+08:00,2883.479,1247.4476,288,1636.0313999999998
2025-08-24 00:00:00+08:00,3165.0344,1697.3812,288,1467.6532
2025-08-25 00:00:00+08:00,3925.9026,2013.1218,288,1912.7808
2025-08-26 00:00:00+08:00,3660.2803,2081.91,288,1578.3703
2025-08-27 00:00:00+08:00,3555.26,1826.456,288,1728.8040000000003
2025-08-28 00:00:00+08:00,3323.799,1514.968,288,1808.831
2025-08-29 00:00:00+08:00,3159.824,1145.952,288,2013.872
2025-08-30 00:00:00+08:00,2924.184,853.394,288,2070.79
2025-08-31 00:00:00+08:00,2918.946,873.701,288,2045.245
2025-09-01 00:00:00+08:00,3008.639,1157.003,288,1851.6360000000002
2025-09-02 00:00:00+08:00,2954.452,1283.138,288,1671.3140000000003
2025-09-03 00:00:00+08:00,2866.572,1094.536,288,1772.036
2025-09-04 00:00:00+08:00,2901.893,1090.554,288,1811.339
2025-09-05 00:00:00+08:00,3274.394,1867.407,288,1406.9869999999999
2025-09-06 00:00:00+08:00,3210.356,1643.617,288,1566.7390000000003
2025-09-07 00:00:00+08:00,3211.751,1564.939,288,1646.8120000000001
2025-09-08 00:00:00+08:00,3403.216,1363.444,288,2039.772
2025-09-09 00:00:00+08:00,3312.824,1186.619,288,2126.205
2025-09-10 00:00:00+08:00,3066.722,1253.47,288,1813.2520000000002
2025-09-11 00:00:00+08:00,2812.403,1060.218,288,1752.1849999999997
2025-09-12 00:00:00+08:00,2690.787,1162.982,288,1527.8049999999998
2025-09-13 00:00:00+08:00,2675.198,1135.806,288,1539.3919999999998
2025-09-14 00:00:00+08:00,3130.501,1617.621,288,1512.88
2025-09-15 00:00:00+08:00,3207.743,1497.328,288,1710.415
2025-09-16 00:00:00+08:00,3019.762,1273.142,288,1746.6200000000001
2025-09-17 00:00:00+08:00,2831.7,1396.472,288,1435.2279999999998
2025-09-18 00:00:00+08:00,2911.958,1329.192,288,1582.766
2025-09-19 00:00:00+08:00,2813.957,1374.497,288,1439.4599999999998
2025-09-20 00:00:00+08:00,2489.795,892.633,288,1597.162
2025-09-21 00:00:00+08:00,2458.357,843.623,288,1614.734
2025-09-22 00:00:00+08:00,2533.577,1083.817,288,1449.7600000000002
2025-09-23 00:00:00+08:00,2518.322,984.675,288,1533.6470000000002
2025-09-24 00:00:00+08:00,2458.947,938.682,288,1520.265
2025-09-25 00:00:00+08:00,2692.806,1111.183,288,1581.623
2025-09-26 00:00:00+08:00,2456.168,994.052,288,1462.116
2025-09-27 00:00:00+08:00,2428.223,810.522,288,1617.701
2025-09-28 00:00:00+08:00,2528.415,1375.602,288,1152.8129999999999
2025-09-29 00:00:00+08:00,2507.323,1037.126,288,1470.197
2025-09-30 00:00:00+08:00,2632.665,1147.052,288,1485.613
2025-10-01 00:00:00+08:00,2561.308,1053.2,288,1508.108
2025-10-02 00:00:00+08:00,2507.017,951.913,288,1555.1039999999998
2025-10-03 00:00:00+08:00,2558.01,1299.768,288,1258.2420000000002
2025-10-04 00:00:00+08:00,2707.769,1529.024,288,1178.745
2025-10-05 00:00:00+08:00,2620.278,1625.158,288,995.1199999999999
2025-10-06 00:00:00+08:00,2781.524,937.576,288,1843.9479999999999
2025-10-07 00:00:00+08:00,2718.544,1429.721,288,1288.8229999999999
2025-10-08 00:00:00+08:00,2678.044,1007.847,288,1670.197
2025-10-09 00:00:00+08:00,2753.6,1192.294,288,1561.3059999999998
2025-10-10 00:00:00+08:00,2585.395,1020.351,288,1565.0439999999999
2025-10-11 00:00:00+08:00,2385.906,734.376,288,1651.53
2025-10-12 00:00:00+08:00,2427.41,898.344,288,1529.0659999999998
2025-10-13 00:00:00+08:00,2471.783,1129.198,288,1342.5849999999998
2025-10-14 00:00:00+08:00,2530.347,1024.062,288,1506.2850000000003
2025-10-15 00:00:00+08:00,2498.54,1029.577,284,1468.963
2025-10-16 00:00:00+08:00,2510.28,1180.796,288,1329.4840000000002
2025-10-17 00:00:00+08:00,2511.672,1150.81,288,1360.862
2025-10-18 00:00:00+08:00,2243.891,1042.971,288,1200.92
2025-10-19 00:00:00+08:00,2464.285,1091.806,288,1372.4789999999998
2025-10-20 00:00:00+08:00,2982.813,1523.776,288,1459.037
2025-10-21 00:00:00+08:00,2565.212,1164.468,288,1400.744
2025-10-26 00:00:00+08:00,2405.448,984.546,288,1420.9019999999998
2025-10-27 00:00:00+08:00,2481.498,818.983,288,1662.515
2025-10-28 00:00:00+08:00,2649.31,1015.919,288,1633.391
2025-10-29 00:00:00+08:00,2548.93,1430.033,288,1118.897
2025-10-30 00:00:00+08:00,2580.676,1325.475,288,1255.201
2025-11-04 00:00:00+08:00,2522.15,1196.554,288,1325.596
2025-11-05 00:00:00+08:00,2452.611,1128.737,288,1323.8739999999998
2025-11-06 00:00:00+08:00,2543.035,1157.406,288,1385.629
2025-11-07 00:00:00+08:00,2326.635,1005.947,288,1320.688
2025-11-08 00:00:00+08:00,2233.612,663.482,288,1570.13
2025-11-09 00:00:00+08:00,2407.69,758.327,288,1649.363
2025-11-10 00:00:00+08:00,2655.78,1035.884,288,1619.8960000000002
2025-11-11 00:00:00+08:00,2820.483,899.184,288,1921.2990000000002
2025-11-12 00:00:00+08:00,2487.214,1206.223,288,1280.991
2025-11-13 00:00:00+08:00,2328.425,864.309,288,1464.1160000000002
2025-11-14 00:00:00+08:00,2308.644,779.86,288,1528.7839999999997
2025-11-15 00:00:00+08:00,2125.971,648.677,288,1477.2939999999999
2025-11-16 00:00:00+08:00,2228.489,675.224,288,1553.2649999999999
2025-11-17 00:00:00+08:00,2849.334,1080.348,288,1768.9859999999999
2025-11-18 00:00:00+08:00,2762.292,1735.181,288,1027.1109999999999
2025-11-19 00:00:00+08:00,3343.785,1657.134,288,1686.6509999999998
2025-11-20 00:00:00+08:00,2792.632,1334.906,288,1457.726
2025-11-21 00:00:00+08:00,2718.281,1213.724,288,1504.557
2025-11-22 00:00:00+08:00,2383.136,1537.573,288,845.5629999999999
2025-11-23 00:00:00+08:00,2279.498,859.059,288,1420.439
2025-11-24 00:00:00+08:00,2400.358,1373.434,288,1026.9240000000002
2025-11-25 00:00:00+08:00,2431.918,1393.367,288,1038.5510000000002
2025-11-26 00:00:00+08:00,2486.125,1148.216,288,1337.909
2025-11-27 00:00:00+08:00,2498.628,1106.973,288,1391.6550000000002
2025-12-02 00:00:00+08:00,3040.012,1651.948,288,1388.064
2025-12-03 00:00:00+08:00,2493.251,1291.5,288,1201.7510000000002
2025-12-04 00:00:00+08:00,2623.284,1133.94,288,1489.344
2025-12-05 00:00:00+08:00,2317.904,1118.27,288,1199.634
2025-12-06 00:00:00+08:00,2321.454,900.007,288,1421.4470000000001
2025-12-07 00:00:00+08:00,2454.3,828.967,288,1625.333
2025-12-08 00:00:00+08:00,2683.77,1379.31,288,1304.46
2025-12-09 00:00:00+08:00,2673.808,1403.705,288,1270.103
2025-12-12 00:00:00+08:00,3446.499,1986.081,288,1460.418
2025-12-13 00:00:00+08:00,3569.836,1829.535,288,1740.3009999999997
2025-12-16 00:00:00+08:00,3338.822,1982.428,288,1356.394
2025-12-17 00:00:00+08:00,2715.427,1793.808,288,921.6190000000001
2025-12-18 00:00:00+08:00,2819.793,1083.54,288,1736.2530000000002
2025-12-19 00:00:00+08:00,2733.878,1259.477,288,1474.401
2025-12-20 00:00:00+08:00,2394.124,1169.611,288,1224.5129999999997
2025-12-21 00:00:00+08:00,2383.176,916.206,288,1466.9699999999998
2025-12-22 00:00:00+08:00,2714.976,1398.11,288,1316.8660000000002
2025-12-23 00:00:00+08:00,3413.973,1391.632,288,2022.341
2025-12-24 00:00:00+08:00,3796.157,2073.873,288,1722.284
2025-12-25 00:00:00+08:00,3698.216,2096.874,288,1601.342
2025-12-26 00:00:00+08:00,2696.568,1708.954,288,987.6140000000003
2025-12-27 00:00:00+08:00,2168.887,915.105,288,1253.7820000000002
2025-12-28 00:00:00+08:00,2250.958,801.135,288,1449.823
2025-12-29 00:00:00+08:00,2562.874,1027.488,288,1535.3859999999997
2025-12-30 00:00:00+08:00,2804.623,1166.3,288,1638.323
2025-12-31 00:00:00+08:00,3005.71,1311.84,288,1693.8700000000001
2026-01-01 00:00:00+08:00,3311.877,1471.691,288,1840.186
2026-01-02 00:00:00+08:00,3496.728,1685.881,288,1810.847
2026-01-03 00:00:00+08:00,3175.026,1749.01,288,1426.0159999999998
2026-01-04 00:00:00+08:00,3136.03,1570.143,288,1565.8870000000002
2026-01-05 00:00:00+08:00,3183.914,1674.016,288,1509.8980000000001
2026-01-06 00:00:00+08:00,2810.469,1702.526,288,1107.943
2026-01-07 00:00:00+08:00,2727.641,1397.102,288,1330.539
2026-01-08 00:00:00+08:00,2673.239,1546.069,288,1127.17
2026-01-09 00:00:00+08:00,2640.789,1133.958,288,1506.8310000000001
2026-01-10 00:00:00+08:00,2570.168,1002.268,288,1567.9
2026-01-11 00:00:00+08:00,2951.746,964.972,288,1986.7740000000001
2026-01-12 00:00:00+08:00,3153.156,1938.377,288,1214.779
2026-01-13 00:00:00+08:00,2905.535,1686.606,288,1218.9289999999999
2026-01-14 00:00:00+08:00,2984.33,1465.411,288,1518.9189999999999
2026-01-15 00:00:00+08:00,3426.092,1451.599,288,1974.4930000000002
2026-01-16 00:00:00+08:00,3141.909,2021.313,288,1120.596
2026-01-17 00:00:00+08:00,2505.156,1231.134,288,1274.022
2026-01-18 00:00:00+08:00,2486.863,1132.173,288,1354.6899999999998
2026-01-19 00:00:00+08:00,3210.508,1502.85,288,1707.658
2026-01-20 00:00:00+08:00,3857.912,2072.961,288,1784.951
2026-01-23 00:00:00+08:00,2485.369,1643.453,288,841.9160000000002
2026-01-24 00:00:00+08:00,2445.746,1229.831,288,1215.9150000000002
2026-01-25 00:00:00+08:00,2752.404,1419.161,288,1333.243
2026-01-28 00:00:00+08:00,2661.265,1078.321,288,1582.944
2026-01-29 00:00:00+08:00,3295.902,1589.269,288,1706.633
2026-01-30 00:00:00+08:00,3554.113,1997.777,288,1556.3359999999998
2026-02-02 00:00:00+08:00,4248.241,2611.334,288,1636.9070000000002
2026-02-03 00:00:00+08:00,3349.538,2159.396,288,1190.1419999999998
2026-02-04 00:00:00+08:00,3053.789,1776.416,288,1277.3730000000003
2026-02-05 00:00:00+08:00,3215.28,1490.415,288,1724.8650000000002
2026-02-06 00:00:00+08:00,3325.526,1681.175,288,1644.3509999999999
2026-02-07 00:00:00+08:00,3210.938,1468.58,288,1742.3580000000002
2026-02-08 00:00:00+08:00,3686.327,1597.658,288,2088.6690000000003
2026-02-09 00:00:00+08:00,3716.704,2261.81,288,1454.8940000000002
2026-02-10 00:00:00+08:00,2881.555,2127.528,288,754.027
2026-02-11 00:00:00+08:00,2872.796,1444.918,288,1427.878
2026-02-12 00:00:00+08:00,2739.545,1278.83,288,1460.7150000000001
2026-02-13 00:00:00+08:00,2829.226,1449.098,288,1380.1280000000002
2026-02-14 00:00:00+08:00,3120.176,1643.223,288,1476.953
2026-02-15 00:00:00+08:00,2613.473,1586.912,288,1026.561
2026-02-16 00:00:00+08:00,2784.878,1513.637,288,1271.2410000000002
2026-02-17 00:00:00+08:00,2658.384,1416.594,288,1241.79
2026-02-18 00:00:00+08:00,3190.123,1660.796,288,1529.327
2026-02-19 00:00:00+08:00,3776.974,2038.923,288,1738.0510000000002
2026-02-20 00:00:00+08:00,3461.541,2013.585,288,1447.9560000000001
2026-02-21 00:00:00+08:00,2548.786,1340.659,288,1208.127
2026-02-22 00:00:00+08:00,2529.822,854.082,288,1675.7400000000002
2026-02-23 00:00:00+08:00,2883.94,1362.037,288,1521.903
2026-02-24 00:00:00+08:00,3531.532,1610.481,288,1921.0510000000002
2026-02-25 00:00:00+08:00,3703.96,2252.762,288,1451.1979999999999
2026-02-26 00:00:00+08:00,3129.346,1975.583,288,1153.763
2026-02-27 00:00:00+08:00,3351.356,1995.655,288,1355.7010000000002
2026-02-28 00:00:00+08:00,2497.811,1595.243,288,902.5680000000002
2026-03-01 00:00:00+08:00,2400.175,1025.95,288,1374.2250000000001
2026-03-02 00:00:00+08:00,2558.243,1307.262,288,1250.981
2026-03-03 00:00:00+08:00,3319.137,1581.577,288,1737.5600000000002
2026-03-04 00:00:00+08:00,3653.992,2132.893,288,1521.0990000000002
2026-03-05 00:00:00+08:00,3643.519,2206.141,288,1437.3779999999997
2026-03-06 00:00:00+08:00,3751.719,2267.964,288,1483.755
2026-03-07 00:00:00+08:00,3741.51,2063.674,288,1677.8360000000002
2026-03-08 00:00:00+08:00,3476.839,2064.415,288,1412.424
2026-03-09 00:00:00+08:00,3052.382,2074.062,288,978.3200000000002
2026-03-10 00:00:00+08:00,2722.923,1859.465,288,863.4579999999999
2026-03-11 00:00:00+08:00,2486.916,1368.122,288,1118.794
2026-03-12 00:00:00+08:00,2499.659,1667.851,288,831.808
2026-03-13 00:00:00+08:00,2528.812,1714.034,288,814.7779999999998
2026-03-14 00:00:00+08:00,2488.433,1682.644,288,805.789
2026-03-15 00:00:00+08:00,2648.609,1437.278,288,1211.331
2026-03-16 00:00:00+08:00,2916.07,1770.813,288,1145.257
2026-03-17 00:00:00+08:00,3528.435,1604.025,288,1924.4099999999999
2026-03-18 00:00:00+08:00,3903.568,2064.948,288,1838.6200000000003
2026-03-19 00:00:00+08:00,3534.686,2195.116,288,1339.5700000000002
2026-03-20 00:00:00+08:00,3813.409,2120.754,288,1692.6550000000002
2026-03-21 00:00:00+08:00,3111.126,1768.104,288,1343.0220000000002
2026-03-22 00:00:00+08:00,2890.192,1678.653,288,1211.539
2026-03-23 00:00:00+08:00,2601.548,1913.435,288,688.1129999999998
2026-03-24 00:00:00+08:00,2708.639,1621.257,288,1087.382
2026-03-25 00:00:00+08:00,2649.316,1101.578,288,1547.7379999999998
2026-03-26 00:00:00+08:00,2920.193,1373.731,288,1546.4620000000002
2026-03-27 00:00:00+08:00,2836.44,1818.538,288,1017.902
2026-03-28 00:00:00+08:00,2549.122,1729.399,288,819.723
2026-03-29 00:00:00+08:00,2438.101,1367.155,288,1070.9460000000001
2026-03-30 00:00:00+08:00,2541.818,1611.049,288,930.7690000000002
2026-03-31 00:00:00+08:00,2569.846,1392.589,288,1177.257
2026-04-01 00:00:00+08:00,2545.623,1437.243,288,1108.38
2026-04-02 00:00:00+08:00,2496.317,1117.645,288,1378.672
2026-04-03 00:00:00+08:00,2548.932,989.071,288,1559.8609999999999
2026-04-04 00:00:00+08:00,2483.546,1401.893,288,1081.6529999999998
2026-04-05 00:00:00+08:00,2378.113,1455.478,288,922.6349999999998
2026-04-06 00:00:00+08:00,2513.754,1705.768,288,807.9859999999999
2026-04-07 00:00:00+08:00,2599.73,1353.344,288,1246.386
2026-04-08 00:00:00+08:00,2559.685,1298.596,288,1261.089
2026-04-09 00:00:00+08:00,2740.447,1465.121,288,1275.326
2026-04-10 00:00:00+08:00,2513.573,1453.79,288,1059.783
2026-04-11 00:00:00+08:00,2528.305,1207.259,288,1321.0459999999998
2026-04-12 00:00:00+08:00,2601.286,1323.449,288,1277.837
2026-04-13 00:00:00+08:00,2798.114,1449.782,288,1348.332
2026-04-14 00:00:00+08:00,2836.558,1514.055,288,1322.503
2026-04-15 00:00:00+08:00,2676.332,1881.076,288,795.2559999999999
2026-04-16 00:00:00+08:00,2679.913,1443.19,288,1236.723
2026-04-17 00:00:00+08:00,2511.76,1725.477,288,786.2830000000001
2026-04-18 00:00:00+08:00,2352.562,1234.96,288,1117.6019999999999
2026-04-19 00:00:00+08:00,2432.15,1171.06,288,1261.0900000000001
2026-04-20 00:00:00+08:00,2580.911,1246.198,288,1334.713
2026-04-21 00:00:00+08:00,2610.167,1396.911,288,1213.2559999999999
2026-04-22 00:00:00+08:00,2617.602,1246.989,288,1370.6129999999998
2026-04-23 00:00:00+08:00,2609.054,1589.079,288,1019.9750000000001
2026-04-24 00:00:00+08:00,2565.537,1527.121,288,1038.4159999999997
2026-04-25 00:00:00+08:00,2392.718,1303.967,288,1088.7509999999997
2026-04-26 00:00:00+08:00,2394.755,1320.485,288,1074.2700000000002
2026-04-27 00:00:00+08:00,3352.994,1692.356,288,1660.6380000000001
2026-04-28 00:00:00+08:00,3110.654,1806.308,288,1304.346
2026-04-29 00:00:00+08:00,2683.113,1744.444,288,938.6689999999999
2026-04-30 00:00:00+08:00,2732.676,1539.789,288,1192.887
2026-05-01 00:00:00+08:00,2774.929,1635.271,288,1139.6580000000001
2026-05-02 00:00:00+08:00,2704.982,1594.338,288,1110.644
2026-05-03 00:00:00+08:00,2661.439,1483.85,288,1177.589
2026-05-04 00:00:00+08:00,2798.677,1613.042,288,1185.6350000000002
2026-05-05 00:00:00+08:00,2677.372,1485.058,288,1192.3139999999999
2026-05-06 00:00:00+08:00,2550.621,1277.567,288,1273.054
2026-05-07 00:00:00+08:00,2697.459,1492.564,288,1204.8949999999998
2026-05-08 00:00:00+08:00,2589.004,1337.194,288,1251.81
2026-05-09 00:00:00+08:00,2454.604,1044.518,288,1410.0859999999998
2026-05-10 00:00:00+08:00,2534.341,1084.932,288,1449.4089999999999
2026-05-11 00:00:00+08:00,2665.513,1350.456,288,1315.057
2026-05-12 00:00:00+08:00,2661.178,1372.968,288,1288.2099999999998
2026-05-13 00:00:00+08:00,2701.946,1672.665,288,1029.281
2026-05-14 00:00:00+08:00,3058.689,1802.738,288,1255.9509999999998
2026-05-15 00:00:00+08:00,3374.819,1873.706,288,1501.113
2026-05-16 00:00:00+08:00,2776.59,1626.244,288,1150.3460000000002
2026-05-17 00:00:00+08:00,2829.215,1482.481,288,1346.7340000000002
2026-05-18 00:00:00+08:00,2842.426,1759.106,288,1083.32
2026-05-19 00:00:00+08:00,2670.504,1484.647,288,1185.857
2026-05-20 00:00:00+08:00,2819.781,1740.921,288,1078.86
2026-05-21 00:00:00+08:00,2807.122,1586.165,288,1220.9569999999999
2026-05-22 00:00:00+08:00,2841.2,1608.147,288,1233.0529999999999
2026-05-23 00:00:00+08:00,2955.928,1516.733,288,1439.195
2026-05-24 00:00:00+08:00,3008.71,1557.537,288,1451.173
2026-05-25 00:00:00+08:00,3003.42,1620.79,288,1382.63
2026-05-26 00:00:00+08:00,2866.987,1564.662,288,1302.325
2026-05-27 00:00:00+08:00,3208.417,2003.264,288,1205.153
2026-05-28 00:00:00+08:00,2917.268,1827.343,288,1089.925
2026-05-29 00:00:00+08:00,3196.014,1994.538,288,1201.476
2026-05-30 00:00:00+08:00,3199.861,1900.023,288,1299.838
2026-05-31 00:00:00+08:00,2856.962,1803.512,288,1053.45
2026-06-01 00:00:00+08:00,2778.715,1632.876,288,1145.8390000000002
2026-06-02 00:00:00+08:00,2978.238,1831.955,288,1146.283
2026-06-03 00:00:00+08:00,3457.027,2025.029,288,1431.998
2026-06-04 00:00:00+08:00,3275.545,1905.585,288,1369.96
2026-06-05 00:00:00+08:00,3038.524,2062.826,288,975.6979999999999
2026-06-06 00:00:00+08:00,2909.084,1734.661,288,1174.4229999999998
2026-06-07 00:00:00+08:00,2768.544,1745.644,288,1022.8999999999999
2026-06-08 00:00:00+08:00,2932.382,1862.924,288,1069.458
2026-06-09 00:00:00+08:00,3271.273,1914.921,288,1356.352
2026-06-10 00:00:00+08:00,3340.162,2112.458,288,1227.7039999999997
2026-06-11 00:00:00+08:00,3254.214,2073.36,288,1180.8539999999998
2026-06-12 00:00:00+08:00,3350.369,2087.93,288,1262.4390000000003
2026-06-13 00:00:00+08:00,3383.804,1992.768,288,1391.036
2026-06-14 00:00:00+08:00,3515.176,1860.415,288,1654.761
2026-06-15 00:00:00+08:00,3573.313,1983.705,288,1589.6080000000002
2026-06-16 00:00:00+08:00,3819.291,2227.267,288,1592.0240000000003
2026-06-17 00:00:00+08:00,3526.169,2190.606,288,1335.5629999999996
2026-06-18 00:00:00+08:00,3643.525,2014.362,288,1629.163
2026-06-19 00:00:00+08:00,3447.646,1998.45,288,1449.1960000000001
2026-06-20 00:00:00+08:00,3406.847,2320.808,288,1086.0390000000002
2026-06-21 00:00:00+08:00,3409.861,1988.336,288,1421.5249999999999
2026-06-22 00:00:00+08:00,3311.323,1889.121,288,1422.2019999999998
2026-06-23 00:00:00+08:00,3148.612,1795.677,288,1352.9350000000002
2026-06-24 00:00:00+08:00,3023.794,1711.313,288,1312.4809999999998
2026-06-25 00:00:00+08:00,2970.446,1599.878,288,1370.568
2026-06-26 00:00:00+08:00,3215.25,2096.724,288,1118.5259999999998
2026-06-27 00:00:00+08:00,2898.888,1958.798,288,940.0899999999999
2026-06-28 00:00:00+08:00,2938.886,1690.346,288,1248.54
2026-06-29 00:00:00+08:00,3183.769,1877.123,288,1306.6459999999997
2026-06-30 00:00:00+08:00,3360.79,2090.969,288,1269.821
2026-07-01 00:00:00+08:00,3195.467,2104.883,288,1090.5840000000003
2026-07-02 00:00:00+08:00,3544.074,1923.622,288,1620.452
2026-07-03 00:00:00+08:00,3198.911,1988.128,288,1210.7830000000001
2026-07-04 00:00:00+08:00,2991.423,1703.528,288,1287.8949999999998
2026-07-05 00:00:00+08:00,3357.15,1692.034,288,1665.116
2026-07-06 00:00:00+08:00,3074.775,1877.01,288,1197.765
2026-07-07 00:00:00+08:00,3346.935,1911.197,288,1435.738
2026-07-08 00:00:00+08:00,3018.005,1840.421,288,1177.584
2026-07-09 00:00:00+08:00,2887.993,1944.741,288,943.252
2026-07-10 00:00:00+08:00,2970.186,1987.572,288,982.6140000000003
2026-07-11 00:00:00+08:00,3077.097,1898.819,288,1178.2780000000002
2026-07-12 00:00:00+08:00,3224.801,1882.237,288,1342.5639999999999
2026-07-13 00:00:00+08:00,3175.301,1857.336,288,1317.965
2026-07-14 00:00:00+08:00,3011.487,1660.075,288,1351.412
2026-07-15 00:00:00+08:00,2660.058,1487.976,288,1172.0819999999999
2026-07-16 00:00:00+08:00,2893.727,1703.416,288,1190.311
2026-07-17 00:00:00+08:00,2973.257,1701.935,288,1271.3220000000001
2026-07-18 00:00:00+08:00,2644.935,1509.529,288,1135.406
2026-07-19 00:00:00+08:00,2852.178,1654.238,288,1197.9399999999998
2026-07-20 00:00:00+08:00,3193.137,1818.093,288,1375.044
2026-07-21 00:00:00+08:00,3234.58,1901.712,288,1332.868
2026-07-22 00:00:00+08:00,3260.532,1881.626,288,1378.9060000000002
2026-07-23 00:00:00+08:00,3293.091,1779.4,288,1513.6909999999998
2026-07-24 00:00:00+08:00,3357.488,1906.356,288,1451.1319999999998
2026-07-25 00:00:00+08:00,2959.312,1720.793,288,1238.519
2026-07-26 00:00:00+08:00,3004.375,1911.341,288,1093.034
2026-07-27 00:00:00+08:00,3107.412,1628.883,288,1478.5289999999998
2026-07-28 00:00:00+08:00,3371.579,1693.85,288,1677.7290000000003
2026-07-29 00:00:00+08:00,3218.503,1573.913,288,1644.5900000000001
2026-07-30 00:00:00+08:00,3056.637,1481.575,288,1575.0620000000001
2026-07-31 00:00:00+08:00,2970.347,1575.152,288,1395.1950000000002
2026-08-01 00:00:00+08:00,2898.73,1652.257,288,1246.473
2026-08-02 00:00:00+08:00,3040.254,1398.307,288,1641.947
2026-08-03 00:00:00+08:00,2965.292,1524.368,288,1440.924
2026-08-04 00:00:00+08:00,2833.308,1457.845,288,1375.463
2026-08-05 00:00:00+08:00,2852.62,1697.535,288,1155.0849999999998
2026-08-06 00:00:00+08:00,2860.842,1729.255,288,1131.587
2026-08-07 00:00:00+08:00,3075.671,1839.321,288,1236.35
2026-08-08 00:00:00+08:00,3264.788,1934.268,288,1330.52
2026-08-09 00:00:00+08:00,3127.995,1453.711,288,1674.2839999999999
2026-08-10 00:00:00+08:00,3785.057,2090.031,288,1695.0259999999998
2026-08-11 00:00:00+08:00,3434.699,1966.844,288,1467.855
2026-08-12 00:00:00+08:00,3335.242,1761.253,288,1573.9890000000003
2026-08-13 00:00:00+08:00,3203.862,1703.37,288,1500.4920000000002
2026-08-14 00:00:00+08:00,2969.761,1468.412,288,1501.349
2026-08-15 00:00:00+08:00,2566.158,1182.158,288,1384.0
2026-08-16 00:00:00+08:00,2478.665,1039.744,288,1438.921
2026-08-17 00:00:00+08:00,3278.77,1806.729,288,1472.041
2026-08-18 00:00:00+08:00,3245.278,1768.533,288,1476.745
2026-08-19 00:00:00+08:00,3044.617,1506.546,288,1538.0710000000001
