dispatch_interval,ALINTA_WGP_ESR1,COLLIE_BESS2,COLLIE_ESR1,COLLIE_ESR4,COLLIE_ESR5,KWINANA_ESR1,KWINANA_ESR2
2026-08-01T08:00:00+08:00,0,588.7,565.600,474.2,456.6,59.080,286.6
2026-08-01T08:05:00+08:00,0,589.100,565.4,470.1,453.2,58.96,272.2
2026-08-01T08:10:00+08:00,0,589.100,566,460.6,446.1,56.400,269.9
2026-08-01T08:15:00+08:00,0,589.2,566.3,449.2,445.7,48.98,269.6
2026-08-01T08:20:00+08:00,0,590,566.7,434.4,447.1,41.04,269.1
2026-08-01T08:25:00+08:00,0,588.9,565.3,421.5,442.1,34.57,268.800
2026-08-01T08:30:00+08:00,0,590,566,413.6,429.6,34.34,268.6
2026-08-01T08:35:00+08:00,0,590.9,567.2,411.9,413.6,35.73,268.1
2026-08-01T08:40:00+08:00,23.84,591.2,567.5,411.6,398.800,36.64,267.800
2026-08-01T08:45:00+08:00,23.84,590.3,566.9,411.300,387.4,36.32,267.5
2026-08-01T08:50:00+08:00,24.14,589.7,566.4,411.1,378.2,36.12,267.2
2026-08-01T08:55:00+08:00,24.92,591.2,567.7,410.9,370.6,36.86,267
2026-08-01T09:00:00+08:00,25.780,591.4,567.9,410.7,366.6,37.62,264.800
2026-08-01T09:05:00+08:00,26.59,590.3,567.5,410.4,366.4,37.5,260.800
2026-08-01T09:10:00+08:00,27.4,589.3,565.600,410.2,366.2,36.63,259.1
2026-08-01T09:15:00+08:00,19.030,588.8,564.9,410,366,35.75,258.800
2026-08-01T09:20:00+08:00,19.83,588.7,564.8,409.800,365.800,35.13,258.5
2026-08-01T09:25:00+08:00,18,588.5,564.7,409.6,367.1,34.48,258.300
2026-08-01T09:30:00+08:00,18.790,588.8,564.600,409.4,365.4,33.36,257.9
2026-08-01T09:35:00+08:00,19.540,588.4,564.3,409.2,366.7,31.450,257.300
2026-08-01T09:40:00+08:00,20.31,588.2,562.9,409,365.1,28.66,256.5
2026-08-01T09:45:00+08:00,21.07,589.8,561.600,408.800,364.9,26.81,255.900
2026-08-01T09:50:00+08:00,21.84,590.9,560.9,408.6,366.2,25.05,255.400
2026-08-01T09:55:00+08:00,22.59,589.600,560.8,408.4,364.5,23.55,254.7
2026-08-01T10:00:00+08:00,23.360,588.3,560,408.2,364.300,20.67,253.2
2026-08-01T10:05:00+08:00,20.370,589.4,558.8,408,365.6,18.59,251.1
2026-08-01T10:10:00+08:00,30.34,591,557.9,407.800,363.9,18.07,250.1
2026-08-01T10:15:00+08:00,27.08,591.8,557.600,407.6,363.7,17.96,249.6
2026-08-01T10:20:00+08:00,30.42,592.9,557.4,407.4,365,17.71,248.900
2026-08-01T10:25:00+08:00,27.38,594.7,558.5,407.2,363.300,18.69,248.7
2026-08-01T10:30:00+08:00,28.34,598.3,557.7,407,363.1,18.93,248.2
2026-08-01T10:35:00+08:00,21.34,603.2,557,406.800,362.9,18.57,246.900
2026-08-01T10:40:00+08:00,18.26,606.2,557.600,406.6,362.7,19.23,246.6
2026-08-01T10:45:00+08:00,14.510,611,558.7,406.5,362.5,20.27,246.3
2026-08-01T10:50:00+08:00,14.510,621.9,556.9,406.2,362.300,19.860,244.900
2026-08-01T10:55:00+08:00,14.510,633.600,556.5,406,362.1,18.870,241.8
2026-08-01T11:00:00+08:00,14.510,646.3,556.100,405.800,361.9,17.94,239.3
2026-08-01T11:05:00+08:00,14.510,658.5,556,405.7,361.7,17.71,238.6
2026-08-01T11:10:00+08:00,14.510,673.7,555.8,405.5,361.5,17.790,239.1
2026-08-01T11:15:00+08:00,14.4,687.9,555.4,405.300,361.300,17.75,241
2026-08-01T11:20:00+08:00,41.17,701.9,554.9,405.1,364.300,17.52,242.5
2026-08-01T11:25:00+08:00,40.26,714.5,558.8,404.9,367,17.780,242.1
2026-08-01T11:30:00+08:00,39.29,723.7,570.4,404.800,365.4,19.540,242
2026-08-01T11:35:00+08:00,38.36,735.600,582.5,404.7,366.6,21.55,241.7
2026-08-01T11:40:00+08:00,37.42,746.100,589.600,408.300,369.6,21.870,244.8
2026-08-01T11:45:00+08:00,36.53,746.5,589.100,421.5,383,21.59,249.5
2026-08-01T11:50:00+08:00,36.42,747.8,588.600,436.800,402.1,21.35,248.3
2026-08-01T11:55:00+08:00,36.310,760.7,588.8,441.4,419.1,23.68,248.7
2026-08-01T12:00:00+08:00,37.6,774.4,589,441.2,439.300,31.01,249.3
2026-08-01T12:05:00+08:00,36.3,787.100,588.5,441.800,460.9,38,249.400
2026-08-01T12:10:00+08:00,36.3,796.100,588.4,446.5,481.6,42.87,254.2
2026-08-01T12:15:00+08:00,36.3,796.2,588.3,455,503.1,42.69,272.4
2026-08-01T12:20:00+08:00,36.53,796.3,588.3,462.4,529.600,42.830,291.7
2026-08-01T12:25:00+08:00,36.970,796.9,588.600,469.5,557.3,45.11,309.4
2026-08-01T12:30:00+08:00,37.43,796.8,588.7,475.5,584.600,52.28,329.5
2026-08-01T12:35:00+08:00,37.87,795.9,588.100,482.2,609,59.44,353.300
2026-08-01T12:40:00+08:00,38.34,797.5,589,492,631,66.93,377.5
2026-08-01T12:45:00+08:00,38.8,798.2,590,506.7,650.9,74.28,395
2026-08-01T12:50:00+08:00,38.87,797.9,588.8,530,671.2,81.08,412.4
2026-08-01T12:55:00+08:00,38.87,797.8,587.7,551.2,687,84.52,431.7
2026-08-01T13:00:00+08:00,38.87,797.2,590.2,575.7,693.4,85.54,449.5
2026-08-01T13:05:00+08:00,38.87,798.600,597.600,596.8,694.2,83.25,467.2
2026-08-01T13:10:00+08:00,38.87,805,607.3,604.5,692.2,80.440,479.5
2026-08-01T13:15:00+08:00,38.95,820.8,618.100,606.5,691.7,78.42,480.5
2026-08-01T13:20:00+08:00,38.87,838.8,628.7,606.8,691.100,76.64,480
2026-08-01T13:25:00+08:00,40.01,855.600,639.5,606.5,690.7,76.46,479.6
2026-08-01T13:30:00+08:00,38.880,872.4,651,606.7,690.100,76.65,479
2026-08-01T13:35:00+08:00,38.880,887.600,661.100,607.2,689.5,73.42,478.4
2026-08-01T13:40:00+08:00,38.880,900.600,668,609.8,691.7,69.9,481.300
2026-08-01T13:45:00+08:00,38.880,906.5,666.600,623.9,693.4,65.28,489.2
2026-08-01T13:50:00+08:00,38.880,921.5,665.3,652,693.600,61.07,489
2026-08-01T13:55:00+08:00,38.880,929.4,667.8,679.2,691.7,57.580,488.4
2026-08-01T14:00:00+08:00,38.880,929.4,674.3,701,691.2,55.91,490
2026-08-01T14:05:00+08:00,38.830,929.100,673.9,716.8,690.9,57.18,497.7
2026-08-01T14:10:00+08:00,38.59,931.4,673.600,727.5,690.4,61.3,510.800
2026-08-01T14:15:00+08:00,38.36,930.7,672.9,744.4,690,60.19,523.3
2026-08-01T14:20:00+08:00,38.2,930.5,672.3,758.2,693.5,58.740,536.8
2026-08-01T14:25:00+08:00,37.990,931,672.5,763,702.600,58.73,552.100
2026-08-01T14:30:00+08:00,37.78,931.100,672.3,762.7,716.5,59.57,569.8
2026-08-01T14:35:00+08:00,37.560,928,671.9,762.100,730.4,60.27,587.600
2026-08-01T14:40:00+08:00,37.34,927.8,671.3,761.7,742.9,61.82,604.9
2026-08-01T14:45:00+08:00,37.2,927.600,670.600,761.2,751.4,66.54,621.9
2026-08-01T14:50:00+08:00,36.96,929.100,670.600,763.3,757.4,73.43,638.3
2026-08-01T14:55:00+08:00,36.75,930,671.2,768.4,761.3,80.9,653.7
2026-08-01T15:00:00+08:00,36.54,930.4,671.4,768.3,775.3,88.43,670.9
2026-08-01T15:05:00+08:00,36.330,930.3,670.3,767.9,794.4,93.15,687.3
2026-08-01T15:10:00+08:00,36.14,930,669.600,768.5,814.5,95.52,703.5
2026-08-01T15:15:00+08:00,23.82,932.4,669.4,769.7,830.9,97.5,720
2026-08-01T15:20:00+08:00,23.6,931.9,668.9,769.4,842.9,104.07,736.9
2026-08-01T15:25:00+08:00,25.440,931.100,668.4,771.600,854.100,110.43,753.3
2026-08-01T15:30:00+08:00,25.24,930.7,667.9,782.8,858.9,116.45,770.100
2026-08-01T15:35:00+08:00,25.020,930.4,667.4,797,859.5,122.57,786.5
2026-08-01T15:40:00+08:00,24.83,930.4,667.4,806.9,861.7,129.73,804
2026-08-01T15:45:00+08:00,36.82,931.9,667.8,809.7,871.9,136.19,818.9
2026-08-01T15:50:00+08:00,16.030,929.5,667.7,809.3,891.600,143.78,828.4
2026-08-01T15:55:00+08:00,16.030,928.3,666.5,811.3,910.4,149.23,835.8
2026-08-01T16:00:00+08:00,16.05,927.600,666,821.8,916.3,153.89,842.3
2026-08-01T16:05:00+08:00,16.07,929.5,665,840,917,151.94,851.8
2026-08-01T16:10:00+08:00,10.45,929.3,664.4,857.100,915,151.31,860
2026-08-01T16:15:00+08:00,10.45,929.3,664.3,863.100,914.600,156.45,868.7
2026-08-01T16:20:00+08:00,10.45,929.5,664.100,863.9,914.100,164.15,879.600
2026-08-01T16:25:00+08:00,6.96,926.4,663.600,866,913.8,169.34,887.2
2026-08-01T16:30:00+08:00,0,926.3,663.100,878.3,913.4,169.39,888.3
2026-08-01T16:35:00+08:00,0,923.8,662.5,896.9,913,168.48,887
2026-08-01T16:40:00+08:00,0,906.9,661.8,913.100,916.5,166.990,888.100
2026-08-01T16:45:00+08:00,0,885.7,660.9,919,925.8,168.7,890.9
2026-08-01T16:50:00+08:00,0,868.5,659.4,919.9,936,173.11,889.7
2026-08-01T16:55:00+08:00,0,864.9,658.4,919.3,938,172.69,887.4
2026-08-01T17:00:00+08:00,0,864.7,657.8,918.8,936.100,166.92,885.600
2026-08-01T17:05:00+08:00,0,859.7,656.8,918.3,935.7,159.92,886.8
2026-08-01T17:10:00+08:00,0,840.600,655.3,917.8,935.4,157.72,891.600
2026-08-01T17:15:00+08:00,0,817.7,653.9,917.4,935,159.87,893.100
2026-08-01T17:20:00+08:00,0,793.3,652.100,916.9,934.7,160.98,891.7
2026-08-01T17:25:00+08:00,0,770.100,650.3,916.600,935.9,159.7,886.3
2026-08-01T17:30:00+08:00,0,752.7,645.3,916.2,934.2,158.83,876.600
2026-08-01T17:35:00+08:00,0,748,629.2,915.8,933.2,157.3,864.3
2026-08-01T17:40:00+08:00,0,747.600,612.5,915.4,929.2,154.26,849.4
2026-08-01T17:45:00+08:00,0,746.600,596.2,915.100,922.100,151.92,833.100
2026-08-01T17:50:00+08:00,0,746,579.100,914.8,912.8,149.87,815.9
2026-08-01T17:55:00+08:00,0,745.8,562.5,914.5,901.5,147.17,799.4
2026-08-01T18:00:00+08:00,0,741.4,545.600,914.2,891.3,145.09,783.9
2026-08-01T18:05:00+08:00,0,723.4,529.2,913.8,888.4,143,770.2
2026-08-01T18:10:00+08:00,0,701.4,512.100,913.5,888.100,139.72,757.5
2026-08-01T18:15:00+08:00,0,681.600,495.5,913.2,887.8,131.45,747.5
2026-08-01T18:20:00+08:00,0,661.9,478.5,912.9,887.600,122.84,737.3
2026-08-01T18:25:00+08:00,0,642.3,462.2,912.600,888.9,116.71,725.7
2026-08-01T18:30:00+08:00,0,623.7,445.4,912.2,887.100,114.49,710.4
2026-08-01T18:35:00+08:00,0,604.2,428.7,912,886.9,112.54,694.9
2026-08-01T18:40:00+08:00,0,583.100,411.800,907.5,883,111.71,683.600
2026-08-01T18:45:00+08:00,0,564.2,395.300,900.2,871.3,111.22,682.9
2026-08-01T18:50:00+08:00,0,545.100,378.4,899.9,856.4,110.88,682.7
2026-08-01T18:55:00+08:00,0,527.3,362.1,896.3,843.8,110.75,682.5
2026-08-01T19:00:00+08:00,0,509.1,345,885.100,838.4,110.59,682.3
2026-08-01T19:05:00+08:00,0,490.9,328.4,872.4,839.7,110.25,682
2026-08-01T19:10:00+08:00,0,473.6,314,864.8,834.2,109.93,676
2026-08-01T19:15:00+08:00,0,463.7,305.2,864,822.3,109.75,663
2026-08-01T19:20:00+08:00,0,449.4,293.800,863.7,808.5,109.21,657
2026-08-01T19:25:00+08:00,0,430,277.5,863.4,802.100,108.620,653.4
2026-08-01T19:30:00+08:00,0,410.800,260.2,863.100,801.600,108.25,643.8
2026-08-01T19:35:00+08:00,0,391.6,243.6,862.8,802.9,107.6,635.4
2026-08-01T19:40:00+08:00,0,375.800,230.8,857.8,797.5,107.39,624.5
2026-08-01T19:45:00+08:00,0,372.6,229.3,843,785.100,109.79,611.9
2026-08-01T19:50:00+08:00,0,372.5,229.1,825.8,768.7,117.11,600.7
2026-08-01T19:55:00+08:00,0,372.2,228.7,807.100,752.3,122.02,590.5
2026-08-01T20:00:00+08:00,0,372,228.400,789.600,743.2,121.68,579.600
2026-08-01T20:05:00+08:00,0,371.9,228.1,772.600,741.3,121.1,566.4
2026-08-01T20:10:00+08:00,0,371.6,227.6,754.600,737.3,119.75,553.5
2026-08-01T20:15:00+08:00,0,371.4,227.1,735.9,725.4,118.31,547.9
2026-08-01T20:20:00+08:00,0,371.2,226.7,718.3,708.3,117.18,547.600
2026-08-01T20:25:00+08:00,0,371,226.5,701.7,689.3,116.57,547.2
2026-08-01T20:30:00+08:00,0,371.1,226.6,686.4,669.5,116.870,547
2026-08-01T20:35:00+08:00,0,370.7,226.5,675.100,651.9,117.06,540.5
2026-08-01T20:40:00+08:00,0,370.9,226.6,667.2,635.600,117.050,529.100
2026-08-01T20:45:00+08:00,0,370.4,226.2,657.4,616.9,116.75,528.5
2026-08-01T20:50:00+08:00,0,370.2,225.900,648.600,597.4,116.29,528.100
2026-08-01T20:55:00+08:00,0,370,226,643.3,579.4,116.49,521.8
2026-08-01T21:00:00+08:00,0,369.7,225.6,642.9,566.8,116.230,505.1
2026-08-01T21:05:00+08:00,0,369.5,225.2,642.600,558.4,115.56,488.9
2026-08-01T21:10:00+08:00,0,369.300,224.6,642.3,551.7,114.57,471.800
2026-08-01T21:15:00+08:00,0,369,223.6,641.9,548,112.5,454.5
2026-08-01T21:20:00+08:00,0,368.9,221.7,641.7,544.5,109.93,435.6
2026-08-01T21:25:00+08:00,0,368.800,220.8,638.7,535.100,108.57,420.6
2026-08-01T21:30:00+08:00,0,368.6,220.3,633.3,511.4,107.7,417.9
2026-08-01T21:35:00+08:00,0,368.5,220.1,633,489.2,107.5,417.5
2026-08-01T21:40:00+08:00,0,368.4,219.8,632.7,472.1,105.53,415.7
2026-08-01T21:45:00+08:00,0,368.300,219.3,632.5,463.5,97.870,409
2026-08-01T21:50:00+08:00,0,368.1,218.6,632.100,462.1,89.410,396.7
2026-08-01T21:55:00+08:00,0,368,218.2,631.9,463.4,83.42,381.6
2026-08-01T22:00:00+08:00,0,367.9,217.8,631.600,461.5,82.52,367.2
2026-08-01T22:05:00+08:00,0,367.7,217,631.3,461.2,81.31,356.2
2026-08-01T22:10:00+08:00,0,367.5,216.3,626.3,460.800,80.22,348.6
2026-08-01T22:15:00+08:00,0,367.300,215.8,611.3,462,79.53,348.300
2026-08-01T22:20:00+08:00,0,367.2,215.8,593.7,460.2,79.510,348.1
2026-08-01T22:25:00+08:00,0,367.1,215.6,577.7,459.800,79.43,347.800
2026-08-01T22:30:00+08:00,0,366.9,215.400,561.600,459.4,79.39,347.6
2026-08-01T22:35:00+08:00,0,366.800,215,546.100,459.1,78.75,347.4
2026-08-01T22:40:00+08:00,0,366.6,214.6,534.3,458.800,75.86,346.9
2026-08-01T22:45:00+08:00,0,366.5,214.1,526.8,458.4,70.83,346.6
2026-08-01T22:50:00+08:00,0,366.300,213.5,517.5,458,69.9,346.300
2026-08-01T22:55:00+08:00,0,366.2,213.1,510.7,457.6,69.22,346.1
2026-08-01T23:00:00+08:00,0,366.1,212.8,506.5,457.300,68.82,345.800
2026-08-01T23:05:00+08:00,0,365.9,212.6,503.6,458.5,68.54,345.6
2026-08-01T23:10:00+08:00,0,365.800,212.5,500.300,456.7,68.36,345.300
2026-08-01T23:15:00+08:00,0,365.7,212,498.2,456.4,67.75,345.1
2026-08-01T23:20:00+08:00,0,365.6,211.6,495.1,456,67.36,344.9
2026-08-01T23:25:00+08:00,0,365.5,211.400,491.2,451.6,67.29,344.7
2026-08-01T23:30:00+08:00,0,365.300,211.5,490.9,446.1,67.33,340.5
2026-08-01T23:35:00+08:00,0,365.1,211,490.6,445.800,66.86,331.1
2026-08-01T23:40:00+08:00,0,364.9,210.400,490.4,445.6,65.93,319.9
2026-08-01T23:45:00+08:00,0,364.7,209.900,490.2,445.300,64.940,310.1
2026-08-01T23:50:00+08:00,0,364.4,209.3,489.9,445,64.07,300
2026-08-01T23:55:00+08:00,0,364.1,208.400,486.6,444.800,62.53,293.2
2026-08-02T00:00:00+08:00,0,363.7,206.8,478.5,444.4,60.53,293
2026-08-02T00:05:00+08:00,0,363.6,205.900,470.6,444.1,59.02,292.800
2026-08-02T00:10:00+08:00,0,363.4,205.5,465.5,439.7,58.44,292.6
2026-08-02T00:15:00+08:00,0,363.300,205.3,465.2,430.7,58.35,292.4
2026-08-02T00:20:00+08:00,0,363.1,205.8,465,425,58.73,288.800
2026-08-02T00:25:00+08:00,0,362.800,205.400,464.800,424.6,58.740,281
2026-08-02T00:30:00+08:00,0,362.300,204.8,464.5,424.4,56.810,275.9
2026-08-02T00:35:00+08:00,0,362,204.2,464.1,424,52.400,275.6
2026-08-02T00:40:00+08:00,0,361.9,203.1,463.800,423.7,48.53,275.4
2026-08-02T00:45:00+08:00,0,361.800,202.400,463.5,423.5,46.12,275.1
2026-08-02T00:50:00+08:00,0,361.800,201.400,463.300,423.1,44.25,274.9
2026-08-02T00:55:00+08:00,0,361.7,200.8,463,422.800,43.150,274.7
2026-08-02T01:00:00+08:00,0,361.7,200.7,462.7,422.6,42.85,274.5
2026-08-02T01:05:00+08:00,0,361.6,200.7,462.5,422.300,42.93,274.300
2026-08-02T01:10:00+08:00,0,361.5,200.6,462.2,422,42.92,274.300
2026-08-02T01:15:00+08:00,0,361.300,200.900,461.9,421.7,43.11,274.800
2026-08-02T01:20:00+08:00,0,361.2,200.3,461.6,421.300,42.87,276.1
2026-08-02T01:25:00+08:00,0,361,199.8,461.300,421,42.16,277.9
2026-08-02T01:30:00+08:00,0,360.9,199.6,461,420.6,41.86,279.7
2026-08-02T01:35:00+08:00,0,360.7,201.6,460.6,420.300,41.79,281
2026-08-02T01:40:00+08:00,0,360.5,203.3,460.300,420,41.87,282.300
2026-08-02T01:45:00+08:00,0,360.4,203.2,459.9,419.6,41.84,286.9
2026-08-02T01:50:00+08:00,0,360.300,205.8,459.6,419.300,41.5,290.4
2026-08-02T01:55:00+08:00,0,360.300,212.6,459.300,418.9,41.01,290.2
2026-08-02T02:00:00+08:00,0,360.2,220.6,458.9,418.6,40.61,289.9
2026-08-02T02:05:00+08:00,0,364.7,226.400,458.6,418.300,40.12,289.800
2026-08-02T02:10:00+08:00,0,371.800,229.8,458.2,418,39.29,289.5
2026-08-02T02:15:00+08:00,0,371.9,236.5,457.800,417.6,38.73,293.1
2026-08-02T02:20:00+08:00,0,375.800,236.400,457.5,417.300,38.41,300.5
2026-08-02T02:25:00+08:00,0,387.2,235.7,457.1,417,37.62,300.300
2026-08-02T02:30:00+08:00,0,400,235.5,456.800,416.7,37.37,300
2026-08-02T02:35:00+08:00,0,408.1,235.1,456.4,416.4,36.89,304.2
2026-08-02T02:40:00+08:00,0,408,234.400,456,416.1,35.75,318.7
2026-08-02T02:45:00+08:00,0,407.7,237.7,455.7,415.800,34.84,327.9
2026-08-02T02:50:00+08:00,0,412.300,245.3,455.300,415.4,34.48,327.800
2026-08-02T02:55:00+08:00,0,423.300,244.6,454.800,415.1,33.3,327.6
2026-08-02T03:00:00+08:00,0,431.800,244.3,454.5,414.800,32.21,327.5
2026-08-02T03:05:00+08:00,0,437.300,244.7,454.1,414.5,31.34,330.5
2026-08-02T03:10:00+08:00,0,437.300,244.3,453.7,414.2,33.3,336.6
2026-08-02T03:15:00+08:00,0,437.2,243.8,453.4,413.9,38.59,336.4
2026-08-02T03:20:00+08:00,0,436.9,247.1,453,413.5,41.55,336.1
2026-08-02T03:25:00+08:00,0,436.6,253.8,452.6,413.2,40.8,339.9
2026-08-02T03:30:00+08:00,0,441.4,252.900,452.300,412.9,39.07,348
2026-08-02T03:35:00+08:00,0,454.800,250.900,451.9,412.6,34.96,347.5
2026-08-02T03:40:00+08:00,0,469.7,250.1,451.6,412.300,30.06,347.2
2026-08-02T03:45:00+08:00,0,476.4,249.7,451.300,412,29.100,350.9
2026-08-02T03:50:00+08:00,0,476.4,249.1,451,411.7,28.100,364.2
2026-08-02T03:55:00+08:00,0,476.2,248.400,450.6,411.4,27.39,378.5
2026-08-02T04:00:00+08:00,0,475.800,247.6,450.300,411.2,26.5,393.6
2026-08-02T04:05:00+08:00,0,475.6,247.1,450,416.4,25.24,404.2
2026-08-02T04:10:00+08:00,0,475.300,246.1,449.7,424.5,23.540,411.7
2026-08-02T04:15:00+08:00,0,475.2,245.3,449.300,423,21.98,427.800
2026-08-02T04:20:00+08:00,0,474.9,243.900,449.1,422.7,20.440,443.1
2026-08-02T04:25:00+08:00,0,474.800,243,448.7,426.300,21.07,451.9
2026-08-02T04:30:00+08:00,0,474.7,241.7,448.4,432.4,26.200,451.800
2026-08-02T04:35:00+08:00,0,474.6,239.6,448.1,437.2,31.16,451.6
2026-08-02T04:40:00+08:00,0,474.5,238.1,447.9,439.9,33.91,455.300
2026-08-02T04:45:00+08:00,0,474.300,236.7,447.5,438.2,31.89,468.2
2026-08-02T04:50:00+08:00,0,474.1,235.5,447.2,437.9,32.55,477.2
2026-08-02T04:55:00+08:00,0,473.800,234.6,446.9,440.800,37.64,479.800
2026-08-02T05:00:00+08:00,0,473.5,233.8,446.5,445.9,44.240,479.5
2026-08-02T05:05:00+08:00,0,473.300,232.8,446.2,452.7,50.37,479.300
2026-08-02T05:10:00+08:00,0,473.2,231.400,445.800,458.5,56.03,479.5
2026-08-02T05:15:00+08:00,0,475.300,230.5,445.6,456.9,62.21,480
2026-08-02T05:20:00+08:00,0,482.4,229.2,445.2,456.5,66.15,479.300
2026-08-02T05:25:00+08:00,0,491.2,230.900,444.800,456.300,67.190,478.7
2026-08-02T05:30:00+08:00,0,492.9,235.2,444.5,456.1,73.26,478.5
2026-08-02T05:35:00+08:00,0,498.9,234.2,444.2,455.800,77.25,478.1
2026-08-02T05:40:00+08:00,0,514,233.1,443.800,455.5,75.68,477.6
2026-08-02T05:45:00+08:00,0,528.2,232,443.5,455.300,73.32,477.300
2026-08-02T05:50:00+08:00,0,538.8,233,443.2,455.1,72.79,477
2026-08-02T05:55:00+08:00,0,539.2,236.1,442.9,454.800,76.97,476.9
2026-08-02T06:00:00+08:00,0,539.4,235.2,442.5,454.5,82.84,476.800
2026-08-02T06:05:00+08:00,0,540,234.2,442.300,454.300,88.660,476.5
2026-08-02T06:10:00+08:00,0,543.9,233.1,441.9,453.9,92.160,476.300
2026-08-02T06:15:00+08:00,0,555.100,232.2,441.6,453.5,90.24,472.6
2026-08-02T06:20:00+08:00,0,566.100,231.1,441.2,453.2,87.9,467
2026-08-02T06:25:00+08:00,0,566.100,230,440.9,453,86.18,466.800
2026-08-02T06:30:00+08:00,0,566,228.8,440.6,452.6,84.910,466.5
2026-08-02T06:35:00+08:00,0,565.8,227.6,440.2,452.300,82.800,466.2
2026-08-02T06:40:00+08:00,0,565.5,226.2,438.7,452,79.620,466.1
2026-08-02T06:45:00+08:00,0,565.3,224.5,438.300,451.6,76.11,465.800
2026-08-02T06:50:00+08:00,0,564.9,223,438.1,451.300,73.18,465.5
2026-08-02T06:55:00+08:00,0,564.600,221.900,437.800,451,70.870,464.4
2026-08-02T07:00:00+08:00,0,564.4,221,437.5,450.7,68.93,460.4
2026-08-02T07:05:00+08:00,0,564.2,220.2,437.2,450.300,67.26,454.7
2026-08-02T07:10:00+08:00,0,563.9,219.3,436.9,450,65.29,447.6
2026-08-02T07:15:00+08:00,0,563.7,218,432.5,449.7,62.44,439.2
2026-08-02T07:20:00+08:00,0,563.5,216.7,432.1,449.300,59.650,429.9
2026-08-02T07:25:00+08:00,0,563.4,215.2,431.9,449,56.69,420.7
2026-08-02T07:30:00+08:00,0,563.3,214.3,431.6,448.7,54.78,410.7
2026-08-02T07:35:00+08:00,0,563.2,213.900,431.300,448.4,54.11,400
2026-08-02T07:40:00+08:00,0,562.9,213.5,431,448,53.650,389.1
2026-08-02T07:45:00+08:00,0,562.7,213,430.7,443.5,53.12,382.9
2026-08-02T07:50:00+08:00,0.200,562.600,213.3,430.5,434.1,53.41,382.6
2026-08-02T07:55:00+08:00,0,562.4,213.7,430.2,426.2,54.09,382.4
