Participant Code,Participant Name,Facility Code,Facility Class,System Size (MW),Remaining capacity from embedded generator (MW),Extracted At
"ALCOA","Alcoa of Australia Limited","ALCOA_KW_IL","Non-Dispatchable Load",,66,"2026-08-04 06:30:17"
"ALCOA","Alcoa of Australia Limited","ALCOA_PNJ_IL","Non-Dispatchable Load",,,
"ALCOA","Alcoa of Australia Limited","ALCOA_WGP","Scheduled Facility",16,,
"ALCOA","Alcoa of Australia Limited","ALCOA_WGP_IL","Non-Dispatchable Load",,85,
"ALINTA","Alinta Sales Pty Ltd","ALINTA_PNJ_U1","Scheduled Facility",143,,
"ALINTA","Alinta Sales Pty Ltd","ALINTA_PNJ_U2","Scheduled Facility",143,,
"ALINTA","Alinta Sales Pty Ltd","ALINTA_WGP_ESR1","Scheduled Facility",200,,
"ALINTA","Alinta Sales Pty Ltd","ALINTA_WGP_GT","Scheduled Facility",196,,
"ALINTA","Alinta Sales Pty Ltd","ALINTA_WGP_U2","Scheduled Facility",196,,
"ALINTA","Alinta Sales Pty Ltd","BADGINGARRA_WF1","Semi-Scheduled Facility",130,,
"ALINTA","Alinta Sales Pty Ltd","YANDIN_WF1","Semi-Scheduled Facility",211.7,,
"AMENERGY","Amanda Energy Pty Ltd","BIOGAS01","Non-Scheduled Facility",2,,
"WARADGE","BEI WWF Pty Ltd ATF WWF Trust","WARRADARGE_WF1","Semi-Scheduled Facility",180,,
"BLAIRFOX","Blair Fox Pty Ltd AFT The Blair Fox Trust","BLAIRFOX_BEROSRD_WF1","Non-Scheduled Facility",9.252,,
"BLAIRFOX","Blair Fox Pty Ltd AFT The Blair Fox Trust","BLAIRFOX_KARAKIN_WF1","Non-Scheduled Facility",5,,
"BLAIRFOX","Blair Fox Pty Ltd AFT The Blair Fox Trust","BLAIRFOX_WESTHILLS_WF3","Non-Scheduled Facility",8.85,,
"GRIFFINP","Bluewaters Power 1 Pty Ltd","BW1_BLUEWATERS_G2","Scheduled Facility",217,,
"GRIFFINP","Bluewaters Power 1 Pty Ltd","GRIFFINP_DSP_01","Demand Side Programme",,,
"GRIFFIN2","Bluewaters Power 2 Pty Ltd","BW2_BLUEWATERS_G1","Scheduled Facility",217,,
"COLLGAR","Collgar Wind Farm","INVESTEC_COLLGAR_WF1","Semi-Scheduled Facility",218.5,,
"COL_BESS","Collie Battery Pty Ltd ATF Collie Battery Trust","COLLIE_BESS2","Scheduled Facility",600,,
"COL_BESS","Collie Battery Pty Ltd ATF Collie Battery Trust","COLLIE_ESR1","Scheduled Facility",400,,
"SBSOLAR1","Cunderdin Development Pty Ltd","SBSOLAR1_CUNDERDIN_PV1","Semi-Scheduled Facility",100,,
"DCWL","Denmark Community Windfarm Ltd","DCWL_DENMARK_WF1","Non-Scheduled Facility",1.44,,
"EDWFMAN","EDWF Manager Pty Ltd","EDWFMAN_WF1","Semi-Scheduled Facility",80,,
"ENELX","Enel X Australia Pty Ltd","ENELX_DSP_R0002","Demand Side Programme",,,
"ENELX","Enel X Australia Pty Ltd","ENELX_DSP_R0003","Demand Side Programme",,,
"ENELX","Enel X Australia Pty Ltd","ENELX_DSP_R0004","Demand Side Programme",,,
"ENELX","Enel X Australia Pty Ltd","ENELX_DSP_R0005","Demand Side Programme",,,
"ENELX","Enel X Australia Pty Ltd","ENELX_DSP_R0008","Demand Side Programme",,,
"ENELX","Enel X Australia Pty Ltd","ENELX_DSP_R0009","Demand Side Programme",,,
"ENELX","Enel X Australia Pty Ltd","ENELX_DSP_R0010","Demand Side Programme",,,
"ENELX","Enel X Australia Pty Ltd","ENELX_DSP_R0011","Demand Side Programme",,,
"ENELX","Enel X Australia Pty Ltd","ENELX_DSP_R0012","Demand Side Programme",,,
"ENELX","Enel X Australia Pty Ltd","ENELX_DSP_R0013","Demand Side Programme",,,
"ENELX","Enel X Australia Pty Ltd","ENELX_DSP_R0014","Demand Side Programme",,,
"ENELX","Enel X Australia Pty Ltd","ENELX_DSP_R0015","Demand Side Programme",,,
"ENELX","Enel X Australia Pty Ltd","ENELX_DSP_R0017","Demand Side Programme",,,
"ENELX","Enel X Australia Pty Ltd","ENELX_DSP_R0018","Demand Side Programme",,,
"ENELX","Enel X Australia Pty Ltd","ENELX_DSP_R0019","Demand Side Programme",,,
"ENELX","Enel X Australia Pty Ltd","ENELX_DSP_R0020","Demand Side Programme",,,
"ENELX","Enel X Australia Pty Ltd","ENELX_DSP_R0021","Demand Side Programme",,,
"ENELX","Enel X Australia Pty Ltd","ENELX_DSP_R0022","Demand Side Programme",,,
"ENELX","Enel X Australia Pty Ltd","ENELX_DSP_R0023","Demand Side Programme",,,
"ENELX","Enel X Australia Pty Ltd","ENELX_DSP_R0024","Demand Side Programme",,,
"ENELX","Enel X Australia Pty Ltd","ENELX_DSP_R0025","Demand Side Programme",,,
"ENELX","Enel X Australia Pty Ltd","ENELX_DSP_R0026","Demand Side Programme",,,
"ENELX","Enel X Australia Pty Ltd","ENELX_DSP_R0027","Demand Side Programme",,,
"ENELX","Enel X Australia Pty Ltd","ENELX_DSP_R0028","Demand Side Programme",,,
"ENELX","Enel X Australia Pty Ltd","ENELX_DSP_R0029","Demand Side Programme",,,
"ENELX","Enel X Australia Pty Ltd","ENELX_DSP_R0030","Demand Side Programme",,,
"ENELX","Enel X Australia Pty Ltd","ENELX_DSP_R0031","Demand Side Programme",,,
"ENELX","Enel X Australia Pty Ltd","ENELX_DSP_R0032","Demand Side Programme",,,
"ENELX","Enel X Australia Pty Ltd","ENELX_DSP_R0033","Demand Side Programme",,,
"ENELX","Enel X Australia Pty Ltd","ENELX_DSP_R0034","Demand Side Programme",,,
"ENELX","Enel X Australia Pty Ltd","ENELX_DSP_R0035","Demand Side Programme",,,
"ENELX","Enel X Australia Pty Ltd","ENELX_DSP_R0036","Demand Side Programme",,,
"ENELX","Enel X Australia Pty Ltd","ENELX_DSP_R0037","Demand Side Programme",,,
"ENELX","Enel X Australia Pty Ltd","ENELX_DSP_R0038","Demand Side Programme",,,
"ENELX","Enel X Australia Pty Ltd","ENELX_DSP_R0039","Demand Side Programme",,,
"ENELX","Enel X Australia Pty Ltd","ENELX_DSP_R0040","Demand Side Programme",,,
"ENELX","Enel X Australia Pty Ltd","ENELX_DSP_R0041","Demand Side Programme",,,
"ENELX","Enel X Australia Pty Ltd","ENELX_DSP_R0043","Demand Side Programme",,,
"ENELX","Enel X Australia Pty Ltd","ENELX_DSP_R0044","Demand Side Programme",,,
"ENELX","Enel X Australia Pty Ltd","ENELX_DSP_R0045","Demand Side Programme",,,
"ENELX","Enel X Australia Pty Ltd","ENELX_DSP_R0046","Demand Side Programme",,,
"ENELX","Enel X Australia Pty Ltd","ENELX_DSP_R0047","Demand Side Programme",,,
"ENELX","Enel X Australia Pty Ltd","ENELX_DSP_R0048","Demand Side Programme",,,
"ENELX","Enel X Australia Pty Ltd","ENELX_DSP_R0049","Demand Side Programme",,,
"ENELX","Enel X Australia Pty Ltd","ENELX_DSP_R0050","Demand Side Programme",,,
"ENELX","Enel X Australia Pty Ltd","ENELX_DSP_R0051","Demand Side Programme",,,
"ENELX","Enel X Australia Pty Ltd","ENELX_DSP_R0052","Demand Side Programme",,,
"ENELX","Enel X Australia Pty Ltd","ENELX_DSP_R0053","Demand Side Programme",,,
"ENELX","Enel X Australia Pty Ltd","ENELX_DSP_R0054","Demand Side Programme",,,
"ENELX","Enel X Australia Pty Ltd","ENELX_DSP_R0055","Demand Side Programme",,,
"ENELX","Enel X Australia Pty Ltd","ENELX_DSP_R0056","Demand Side Programme",,,
"ENELX","Enel X Australia Pty Ltd","ENELX_DSP_R0057","Demand Side Programme",,,
"ENELX","Enel X Australia Pty Ltd","ENELX_DSP_R0058","Demand Side Programme",,,
"ENELX","Enel X Australia Pty Ltd","ENELX_DSP_R0059","Demand Side Programme",,,
"ENELX","Enel X Australia Pty Ltd","ENELX_DSP_R0060","Demand Side Programme",,,
"ENELX","Enel X Australia Pty Ltd","ENELX_DSP_R0061","Demand Side Programme",,,
"ENELX","Enel X Australia Pty Ltd","ENELX_DSP_R0062","Demand Side Programme",,,
"ENELX","Enel X Australia Pty Ltd","ENELX_DSP_R0063","Demand Side Programme",,,
"ENELX","Enel X Australia Pty Ltd","ENELX_DSP_R0064","Demand Side Programme",,,
"ENELX","Enel X Australia Pty Ltd","ENELX_DSP_R0065","Demand Side Programme",,,
"ENELX","Enel X Australia Pty Ltd","ENELX_DSP_R0066","Demand Side Programme",,,
"ENELX","Enel X Australia Pty Ltd","ENELX_DSP_R0067","Demand Side Programme",,,
"ENELX","Enel X Australia Pty Ltd","ENELX_DSP_R0068","Demand Side Programme",,,
"ENELX","Enel X Australia Pty Ltd","ENELX_DSP_R0069","Demand Side Programme",,,
"ENELX","Enel X Australia Pty Ltd","ENELX_DSP_R0070","Demand Side Programme",,,
"ENELX","Enel X Australia Pty Ltd","ENELX_DSP_R0071","Demand Side Programme",,,
"ENELX","Enel X Australia Pty Ltd","ENELX_DSP_R0072","Demand Side Programme",,,
"ENELX","Enel X Australia Pty Ltd","ENELX_DSP_R0073","Demand Side Programme",,,
"ENELX","Enel X Australia Pty Ltd","ENELX_DSP_R0074","Demand Side Programme",,,
"ENELX","Enel X Australia Pty Ltd","ENELX_DSP_R0075","Demand Side Programme",,,
"ENELX","Enel X Australia Pty Ltd","ENELX_DSP_R0076","Demand Side Programme",,,
"ENELX","Enel X Australia Pty Ltd","ENELX_DSP_R0077","Demand Side Programme",,,
"ENELX","Enel X Australia Pty Ltd","ENELX_DSP_R0078","Demand Side Programme",,,
"ENELX","Enel X Australia Pty Ltd","ENELX_DSP_R0080","Demand Side Programme",,,
"ENELX","Enel X Australia Pty Ltd","ENELX_DSP_R0081","Demand Side Programme",,,
"ENELX","Enel X Australia Pty Ltd","ENELX_DSP_R0083","Demand Side Programme",,,
"ENELX","Enel X Australia Pty Ltd","ENELX_DSP_R0084","Demand Side Programme",,,
"ENELX","Enel X Australia Pty Ltd","ENELX_DSP_R0085","Demand Side Programme",,,
"ENELX","Enel X Australia Pty Ltd","ENELX_DSP_R0087","Demand Side Programme",,,
"ENELX","Enel X Australia Pty Ltd","ENELX_DSP_R0088","Demand Side Programme",,,
"ENELX","Enel X Australia Pty Ltd","ENELX_DSP_R0089","Demand Side Programme",,,
"ENELX","Enel X Australia Pty Ltd","ENELX_DSP_R0104","Demand Side Programme",,,
"ENELX","Enel X Australia Pty Ltd","ENELX_DSP_R0116","Demand Side Programme",,,
"ENELX","Enel X Australia Pty Ltd","ENELX_DSP_R0127","Demand Side Programme",,,
"ENELX","Enel X Australia Pty Ltd","ENELX_DSP_R0128","Demand Side Programme",,,
"ENELX","Enel X Australia Pty Ltd","ENELX_DSP_R0133","Demand Side Programme",,,
"ENELX","Enel X Australia Pty Ltd","ENELX_DSP_R0134","Demand Side Programme",,,
"GLDFLDPW","Goldfields Power Pty Ltd","PRK_AG","Scheduled Facility",68,,
"KWTE","Kwinana WTE Project Co Pty Ltd ATF Kwinana WTE Project Trust","PHOENIX_KWINANA_WTE_G1","Scheduled Facility",43,,
"LNDFLLGP","Landfill Gas and Power Pty Ltd","RED_HILL","Non-Scheduled Facility",3.75,,
"LNDFLLGP","Landfill Gas and Power Pty Ltd","TAMALA_PARK","Non-Scheduled Facility",5.55,,
"MEGHP1","MEG HP1 Pty Ltd","NORTHAM_SF_PV1","Non-Scheduled Facility",9.8,,
"MERREDIN","Merredin Energy","NAMKKN_MERR_SG1","Scheduled Facility",82,,
"SUNAUST22","Merredin Project Company Pty Ltd ATF the Merredin","MERSOLAR_PV1","Semi-Scheduled Facility",100,,
"MPOWER","Metro Power Company Pty ltd","AMBRISOLAR_PV1","Non-Scheduled Facility",0.96,,
"MBARKER","Mt.Barker Power Company Pty Ltd","SKYFRM_MTBARKER_WF1","Non-Scheduled Facility",2.43,,
"MUMBIDA","Mumbida Wind Farm Pty Ltd","MWF_MUMBIDA_WF1","Semi-Scheduled Facility",55,,
"NGENEERP","NewGen Neerabup Partnership","NEWGEN_NEERABUP_GT1","Scheduled Facility",342,,
"NEWGEN","NewGen Power Kwinana Pty Ltd","NEWGEN_KWINANA_CCG1","Scheduled Facility",334.8,,
"NWMNTMN","Northern Star Power Pty Ltd","NWNMTMN_FIM_INML1","Non-Dispatchable Load",,0.2,
"PRDSO","PRD SWIS OPS PTY LTD","PRDSO_WALPOLE_HG1","Non-Scheduled Facility",1.5,,
"PERTHNRGY","Perth Energy Pty Ltd","ROCKINGHAM","Non-Scheduled Facility",4.192,,
"PERTHNRGY","Perth Energy Pty Ltd","SOUTH_CARDUP","Non-Scheduled Facility",1.912,,
"PERTHNRGY","Perth Energy Pty Ltd","WAPL_WORSLEY_IL1","Non-Dispatchable Load",,45,
"EGPA","Potentia Energy Retail Pty Ltd","FLATROCKS_WF1","Semi-Scheduled Facility",75.6,,
"ALBGRAS","SRV AGWF Pty Ltd as trustee for AGWF Trust","ALBANY_WF1","Semi-Scheduled Facility",21.6,,
"ALBGRAS","SRV AGWF Pty Ltd as trustee for AGWF Trust","GRASMERE_WF1","Semi-Scheduled Facility",13.8,,
"GRENOUGH","SRV GRSF Pty Ltd as Trustee for GRSF Trust","GREENOUGH_RIVER_PV1","Semi-Scheduled Facility",40,,
"SIMCOA","Simcoa Operations Pty Ltd","SIMCOA_IPT_LD_01","Interruptible Load",,,
"STHRNCRS","Southern Cross Energy","STHRNCRS_EG","Scheduled Facility",23,,
"STHRNCRS","Southern Cross Energy","STHRNCRS_IL","Non-Dispatchable Load",,72,
"WPGENER","Synergy","BREMER_BAY_WF1","Non-Scheduled Facility",0.6,,
"WPGENER","Synergy","COCKBURN_CCG1","Scheduled Facility",240,,
"WPGENER","Synergy","COLLIE_ESR4","Scheduled Facility",500,,
"WPGENER","Synergy","COLLIE_ESR5","Scheduled Facility",500,,
"WPGENER","Synergy","COLLIE_G1","Scheduled Facility",318.3,,
"WPGENER","Synergy","KALBARRI_WF1","Non-Scheduled Facility",1.6,,
"WPGENER","Synergy","KEMERTON_GT11","Scheduled Facility",155,,
"WPGENER","Synergy","KEMERTON_GT12","Scheduled Facility",155,,
"WPGENER","Synergy","KWINANA_ESR1","Scheduled Facility",200,,
"WPGENER","Synergy","KWINANA_ESR2","Scheduled Facility",450,,
"WPGENER","Synergy","KWINANA_GT2","Scheduled Facility",103.94,,
"WPGENER","Synergy","KWINANA_GT3","Scheduled Facility",103.94,,
"WPGENER","Synergy","MUJA_G7","Scheduled Facility",212.6,,
"WPGENER","Synergy","MUJA_G8","Scheduled Facility",212.6,,
"WPGENER","Synergy","MUNGARRA_GT1","Scheduled Facility",40.35,,
"WPGENER","Synergy","MUNGARRA_GT3","Scheduled Facility",40.86,,
"WPGENER","Synergy","PINJAR_GT1","Scheduled Facility",40.35,,
"WPGENER","Synergy","PINJAR_GT10","Scheduled Facility",118.2,,
"WPGENER","Synergy","PINJAR_GT11","Scheduled Facility",128.2,,
"WPGENER","Synergy","PINJAR_GT2","Scheduled Facility",40.35,,
"WPGENER","Synergy","PINJAR_GT3","Scheduled Facility",42,,
"WPGENER","Synergy","PINJAR_GT4","Scheduled Facility",42,,
"WPGENER","Synergy","PINJAR_GT5","Scheduled Facility",42,,
"WPGENER","Synergy","PINJAR_GT7","Scheduled Facility",42,,
"WPGENER","Synergy","PINJAR_GT9","Scheduled Facility",118.2,,
"WPGENER","Synergy","SYNERGY_DSP_04","Demand Side Programme",,,
"WPGENER","Synergy","SYNERGY_TOWN_OF_KAMBALDA","Non-Dispatchable Load",,,
"WPGENER","Synergy","WEST_KALGOORLIE_GT2","Scheduled Facility",43.35,,
"WPGENER","Synergy","WEST_KALGOORLIE_GT3","Scheduled Facility",23.81,,
"TSLA_MGT","Tesla Corporation Management Pty Ltd","TESLA_PICTON_G1","Scheduled Facility",9.999,,
"TSLA_GER","Tesla Geraldton Pty Ltd","TESLA_GERALDTON_G1","Scheduled Facility",9.999,,
"TSLA_KEM","Tesla Kemerton Pty Ltd","TESLA_KEMERTON_G1","Scheduled Facility",9.999,,
"TSLA_NOR","Tesla Northam Pty Ltd","TESLA_NORTHAM_G1","Scheduled Facility",9.999,,
"TIWEST","Tronox Management Pty Ltd","TIWEST_COG1","Scheduled Facility",42.1,,
"WALKAWAY","Walkaway Wind Power Pty Ltd","ALINTA_WWF","Semi-Scheduled Facility",89.1,,
"WGRES","Waste Gas Resources Pty Ltd","HENDERSON_RENEWABLE_IG1","Non-Scheduled Facility",3.192,,
"PREMPWR","Wesfarmers Kleenheat Gas Pty Ltd","PREMPWR_DSP_02","Demand Side Programme",,,
"WENERGY","Western Energy Pty Ltd","PERTHENERGY_KWINANA_GT1","Scheduled Facility",109,,
"WPNTWK","Western Power","WP_DX_NTWK","Network",,,
"WPNTWK","Western Power","WP_TX_NTWK","Network",,,
